unit_id,sample_id,argument_index,argument_id,seed,model_label,match_rate,rq3_three_component,full_schema_three_component,two_component_rq3,legacy_static,cat15_gwet_ac1,cat9_gwet_ac1,multi_jaccard,span22_jaccard,span25_jaccard,span17_jaccard,cat15_valid_n,cat9_valid_n,multi_valid_n,span22_valid_n,span25_valid_n,span17_valid_n,human_focus,llm_focus
0:42,0,0,1,42,LLaMA2 Oracle Vanilla 60,0.3333333333333333,0.23726095221881738,0.21955759049194884,0.2082164903772944,0.29214017207248366,0.28294177732379977,0.3668341708542714,0.75,0.08958333333333333,0.07543859649122807,0.12424242424242425,9,7,4,16,19,11,Vague or Ambiguous Terms|Other Stakeholder Perspective|Overgeneralized Statement,Vague or Ambiguous Terms|Lacks Evidence|Lacks Evidence
0:43,0,0,1,43,LLaMA2 Oracle Vanilla 60,0.3333333333333333,0.2699990474569126,0.24879735657382018,0.255768937929742,0.31453289934521095,0.28294177732379977,0.3668341708542714,0.75,0.15208333333333335,0.1280701754385965,0.196969696969697,9,7,4,16,19,11,Vague or Ambiguous Terms|Other Stakeholder Perspective|Overgeneralized Statement,Vague or Ambiguous Terms|Lacks Evidence|Lacks Evidence
0:44,0,0,1,44,LLaMA2 Oracle Vanilla 60,0.6666666666666666,0.25319370172311345,0.23517033075856605,0.23771593703100552,0.35112136571191366,0.3582887700534759,0.4520547945205479,0.75,0.06862745098039216,0.058333333333333334,0.12424242424242425,10,8,4,17,20,11,Vague or Ambiguous Terms|Other Stakeholder Perspective|Overgeneralized Statement,Vague or Ambiguous Terms|Lacks Evidence|Other Stakeholder Perspective
1:42,1,1,2,42,LLaMA2 Oracle Vanilla 60,0.3333333333333333,0.1927587407558795,0.17885191661220912,0.18881468810714094,0.30996405036438057,0.3133047210300429,0.41778975741239893,0.5,0.040740740740740744,0.03395061728395062,0.06759259259259259,8,6,4,15,18,12,Lacks Evidence|Other Stakeholder Perspective|Questionable Cause-Effect Relationship,Vague or Ambiguous Terms|Vague or Ambiguous Terms|Lacks Evidence
1:43,1,1,2,43,LLaMA2 Oracle Vanilla 60,0.3333333333333333,0.20833210477173325,0.19271490272522265,0.20328634412344818,0.323167383107089,0.3188854489164087,0.42986425339366513,0.5,0.06666666666666667,0.05555555555555555,0.08333333333333333,8,6,4,15,18,12,Lacks Evidence|Other Stakeholder Perspective|Questionable Cause-Effect Relationship,Vague or Ambiguous Terms|Lacks Evidence|Lacks Evidence
1:44,1,1,2,44,LLaMA2 Oracle Vanilla 60,0.0,0.3802470651398192,0.349967288808369,0.4079223102478916,0.6157198671096346,0.5842155919153031,0.8006644518272426,0.75,0.15714285714285717,0.12941176470588237,0.2,8,6,4,14,17,11,Lacks Evidence|Other Stakeholder Perspective|Questionable Cause-Effect Relationship,Vague or Ambiguous Terms
2:42,2,2,3,42,LLaMA2 Oracle Vanilla 60,0.6666666666666666,0.19133811756070612,0.17844218703425008,0.13069609410689814,0.25563536146642307,0.27919911012235815,0.3668341708542714,0.75,0.004464285714285714,0.003676470588235294,0.005681818181818182,9,7,4,14,17,11,Lacks Evidence|Vague or Ambiguous Terms|Other Stakeholder Perspective,Vague or Ambiguous Terms|Other Stakeholder Perspective|Other Stakeholder Perspective
2:43,2,2,3,43,LLaMA2 Oracle Vanilla 60,0.6666666666666666,0.22263635353638944,0.20765387394488782,0.20075520409822734,0.3775406368921776,0.3668341708542714,0.5348837209302325,0.75,0.004464285714285714,0.003676470588235294,0.023863636363636365,7,5,4,14,17,11,Lacks Evidence|Vague or Ambiguous Terms|Other Stakeholder Perspective,Vague or Ambiguous Terms|Other Stakeholder Perspective
2:44,2,2,3,44,LLaMA2 Oracle Vanilla 60,0.6666666666666666,0.22263635353638944,0.20765387394488782,0.20075520409822734,0.3775406368921776,0.3668341708542714,0.5348837209302325,0.75,0.004464285714285714,0.003676470588235294,0.023863636363636365,7,5,4,14,17,11,Lacks Evidence|Vague or Ambiguous Terms|Other Stakeholder Perspective,Vague or Ambiguous Terms|Other Stakeholder Perspective|Other Stakeholder Perspective
3:42,3,3,4,42,LLaMA2 Oracle Vanilla 60,0.6666666666666666,0.3052079761158766,0.2832703779118693,0.28756307176371554,0.44651340005666723,0.4646271510516252,0.5879828326180258,0.75,0.09542398777692895,0.0811103896103896,0.128517316017316,10,8,4,17,20,12,Vague or Ambiguous Terms|Other Stakeholder Perspective|Other Stakeholder Perspective,Other Stakeholder Perspective|Other Stakeholder Perspective|Other Stakeholder Perspective
3:43,3,3,4,43,LLaMA2 Oracle Vanilla 60,0.3333333333333333,0.2861438927072898,0.2648698521202569,0.25636877498313226,0.3318332338366621,0.3577981651376147,0.39899833055091816,0.75,0.13186686439281595,0.11208683473389355,0.180859010270775,10,9,4,17,20,12,Vague or Ambiguous Terms|Other Stakeholder Perspective|Other Stakeholder Perspective,Lacks Evidence|Other Stakeholder Perspective|Temporal Contrast
3:44,3,3,4,44,LLaMA2 Oracle Vanilla 60,0.0,0.32273647721457727,0.29963063547686214,0.3037781804415053,0.47870508798073963,0.5137353962740764,0.6343940419769803,0.75,0.09540459540459541,0.0810939060939061,0.12874625374625373,11,9,4,17,20,12,Vague or Ambiguous Terms|Other Stakeholder Perspective|Other Stakeholder Perspective,Lacks Evidence|Temporal Contrast|Temporal Contrast
4:42,4,4,5,42,LLaMA2 Oracle Vanilla 60,0.0,0.3271713073589662,0.30175494859676355,0.2927610185032262,0.446967918856889,0.46214315266859746,0.5842155919153031,0.75,0.13904761904761906,0.11587301587301585,0.13846153846153847,10,8,4,15,18,13,Other Stakeholder Perspective|Other Stakeholder Perspective|Lacks Evidence,Vague or Ambiguous Terms
4:43,4,4,5,43,LLaMA2 Oracle Vanilla 60,0.0,0.2799744076374511,0.25776357577384146,0.287606699322002,0.40678436119445915,0.41666666666666663,0.5128552097428958,0.5,0.13676932367149758,0.11397443639291464,0.1683574879227053,11,9,4,15,18,12,Other Stakeholder Perspective|Other Stakeholder Perspective|Lacks Evidence,Vague or Ambiguous Terms|Overgeneralized Statement|Overgeneralized Statement
4:44,4,4,5,44,LLaMA2 Oracle Vanilla 60,0.6666666666666666,0.2749725336748115,0.25483138702758706,0.27583151129662753,0.4867215977605513,0.5842155919153031,0.6744186046511628,0.25,0.06980056980056978,0.058167141500474834,0.06481481481481481,8,7,4,15,18,12,Other Stakeholder Perspective|Other Stakeholder Perspective|Lacks Evidence,Lacks Evidence|Overgeneralized Statement|Other Stakeholder Perspective
5:42,5,0,6,42,LLaMA2 Oracle Vanilla 60,0.6666666666666666,0.1767544586403872,0.16380158141833456,0.17787601062904707,0.22911838656080763,0.22535211267605632,0.2747252747252747,0.5,0.0701547987616099,0.059631578947368424,0.12660287081339713,11,9,4,17,20,11,Other Stakeholder Perspective|Implicit Existence|Lacks Evidence,Other Stakeholder Perspective|Lacks Evidence|Lacks Evidence
5:43,5,0,6,43,LLaMA2 Oracle Vanilla 60,0.6666666666666666,0.14484416168626696,0.13396836107362423,0.13094174588949484,0.14582192673145597,0.13157894736842105,0.1590656284760845,0.5,0.07317139001349528,0.06219568151147099,0.11605263157894737,11,9,4,17,20,12,Other Stakeholder Perspective|Implicit Existence|Lacks Evidence,Lacks Evidence|Lacks Evidence|Other Stakeholder Perspective
5:44,5,0,6,44,LLaMA2 Oracle Vanilla 60,0.6666666666666666,0.2728276256490314,0.25260788451666283,0.2887074082116425,0.4087530022347683,0.4185022026431718,0.5155963302752293,0.5,0.1218739653459883,0.10359287054409005,0.16858974358974357,11,9,4,17,20,12,Other Stakeholder Perspective|Implicit Existence|Lacks Evidence,Lacks Evidence|Lacks Evidence|Other Stakeholder Perspective
6:42,6,1,7,42,LLaMA2 Oracle Vanilla 60,0.6666666666666666,0.12765521091209164,0.116840336768981,0.13587891296869625,0.16063185414516684,0.1437308868501529,0.1826625386996904,0.25,0.08888888888888888,0.07407407407407407,0.1111111111111111,10,8,4,15,18,12,Temporal Contrast|Vague or Ambiguous Terms|Other Stakeholder Perspective,Vague or Ambiguous Terms|Other Stakeholder Perspective|Vague or Ambiguous Terms
6:43,6,1,7,43,LLaMA2 Oracle Vanilla 60,0.3333333333333333,0.23849206349206345,0.21913580246913578,0.19553556260008026,0.2371999577087543,0.22222222222222218,0.274282223579719,0.75,0.13333333333333333,0.1111111111111111,0.15384615384615385,11,9,4,15,18,13,Temporal Contrast|Vague or Ambiguous Terms|Other Stakeholder Perspective,Vague or Ambiguous Terms
6:44,6,1,7,44,LLaMA2 Oracle Vanilla 60,0.3333333333333333,0.20055625068914107,0.18353151298887732,0.20996663154197404,0.23658394977168956,0.18816067653276955,0.26027397260273977,0.5,0.14095238095238097,0.11746031746031746,0.18333333333333335,8,6,4,15,18,12,Temporal Contrast|Vague or Ambiguous Terms|Other Stakeholder Perspective,Vague or Ambiguous Terms|Lacks Evidence|Bias and Subjectivity
7:42,7,2,8,42,LLaMA2 Oracle Vanilla 60,0.6666666666666666,0.27618000610852556,0.2568193492660916,0.2452147774644556,0.3842384302032193,0.4137341988384011,0.5079726651480638,0.75,0.07470669427191165,0.06403430937592428,0.10610766045548654,11,9,4,18,21,12,Lacks Evidence|Vague or Ambiguous Terms|Lacks Evidence,Other Stakeholder Perspective|Vague or Ambiguous Terms|Lacks Evidence
7:43,7,2,8,43,LLaMA2 Oracle Vanilla 60,0.3333333333333333,0.2896732204843813,0.26944834093235037,0.24873493432125543,0.38589609277389136,0.4137341988384011,0.5079726651480638,0.75,0.10046646717127267,0.08676649437519003,0.11149142976588629,11,9,4,19,22,16,Lacks Evidence|Vague or Ambiguous Terms|Lacks Evidence,Lacks Evidence
7:44,7,2,8,44,LLaMA2 Oracle Vanilla 60,0.3333333333333333,0.20850074922756626,0.19368527137950695,0.15831814786850296,0.2222755539325339,0.22807017543859645,0.27919911012235815,0.75,0.07208994708994708,0.06179138321995464,0.09432234432234433,11,9,4,18,21,13,Lacks Evidence|Vague or Ambiguous Terms|Lacks Evidence,Lacks Evidence
8:42,8,3,9,42,LLaMA2 Oracle Vanilla 60,0.3333333333333333,0.1602330339383658,0.14847484643415176,0.23724146280445735,0.35040065241581986,0.3243761996161228,0.45111492281303606,0.0,0.08473383778043277,0.07262900381179951,0.12401433691756274,11,8,5,18,21,12,Other Stakeholder Perspective|Other Stakeholder Perspective|Lacks Evidence,Vague or Ambiguous Terms|Lacks Evidence|Lacks Evidence
8:43,8,3,9,43,LLaMA2 Oracle Vanilla 60,0.3333333333333333,0.14806546691665703,0.13694727938471865,0.1826015178731241,0.2308745376374567,0.20387007601935037,0.2738386308068459,0.2,0.09821356682769726,0.08418305728088336,0.13429951690821254,12,9,5,18,21,12,Other Stakeholder Perspective|Other Stakeholder Perspective|Lacks Evidence,Lacks Evidence|Questionable Cause-Effect Relationship|Temporal Contrast
8:44,8,3,9,44,LLaMA2 Oracle Vanilla 60,0.3333333333333333,0.13586225987349826,0.12587533495249076,0.16664177859439191,0.22598297383102892,0.2063972336287011,0.27879799666110183,0.2,0.07319347319347319,0.06273726273726273,0.10726495726495726,12,9,5,18,21,12,Other Stakeholder Perspective|Other Stakeholder Perspective|Lacks Evidence,Lacks Evidence|Lacks Evidence|Temporal Contrast
9:42,9,4,10,42,LLaMA2 Oracle Vanilla 60,0.3333333333333333,0.17472272173642017,0.16089461604490124,0.17504852322106526,0.18441717944941005,0.17068889863975426,0.19275549805950842,0.5,0.10354640151515151,0.0871969696969697,0.16567424242424242,9,8,4,16,19,10,Lacks Evidence|Vague or Ambiguous Terms|Other Stakeholder Perspective,Vague or Ambiguous Terms
9:43,9,4,10,43,LLaMA2 Oracle Vanilla 60,1.0,0.1703576423713408,0.1569959805673184,0.16633057450311656,0.1803118461160767,0.17068889863975426,0.19275549805950842,0.5,0.09521306818181818,0.08017942583732057,0.15234090909090908,9,8,4,16,19,10,Lacks Evidence|Vague or Ambiguous Terms|Other Stakeholder Perspective,Vague or Ambiguous Terms|Other Stakeholder Perspective|Lacks Evidence
9:44,9,4,10,44,LLaMA2 Oracle Vanilla 60,0.3333333333333333,0.16634285746445532,0.15473785646360272,0.13281652037531413,0.2312644959432982,0.25373134328358204,0.3188854489164087,0.5,0.03092863019333608,0.026289335664335667,0.03430944055944056,10,8,4,17,20,14,Lacks Evidence|Vague or Ambiguous Terms|Other Stakeholder Perspective,Lacks Evidence
10:42,10,0,11,42,LLaMA2 Oracle Vanilla 60,0.3333333333333333,0.11199572445391842,0.10452934282365718,0.09781455131480682,0.19557041389882476,0.23025469513763824,0.2825753704649975,0.25,0.0,0.0,0.0,11,9,4,17,20,12,Vague or Ambiguous Terms|Other Stakeholder Perspective|Other Stakeholder Perspective,Lacks Evidence|Lacks Evidence|Other Stakeholder Perspective
10:43,10,0,11,43,LLaMA2 Oracle Vanilla 60,1.0,0.1617091595845137,0.1509285489455461,0.12883753018282162,0.2575977578475336,0.28611898016997167,0.37219730941704027,0.5,0.0,0.0,0.0,9,7,4,17,20,12,Vague or Ambiguous Terms|Other Stakeholder Perspective|Other Stakeholder Perspective,Other Stakeholder Perspective|Vague or Ambiguous Terms|Other Stakeholder Perspective
10:44,10,0,11,44,LLaMA2 Oracle Vanilla 60,0.0,0.3216110610159303,0.30017032361486823,0.21942633637548892,0.43872101694915255,0.5671776375112714,0.6338983050847458,1.0,0.0,0.0,0.0,10,9,4,17,20,12,Vague or Ambiguous Terms|Other Stakeholder Perspective|Other Stakeholder Perspective,Lacks Evidence|Lacks Evidence|Lacks Evidence
11:42,11,1,12,42,LLaMA2 Oracle Vanilla 60,0.6666666666666666,0.23360941586221412,0.2179753917931738,0.18027432766238735,0.3555414711203342,0.3805024199124223,0.5115332428765265,0.8,0.004729962160302717,0.004054253280259472,0.004901960784313725,12,9,5,18,21,12,Other Stakeholder Perspective|Other Stakeholder Perspective|Implicit Existence,Lacks Evidence|Other Stakeholder Perspective|Other Stakeholder Perspective
11:43,11,1,12,43,LLaMA2 Oracle Vanilla 60,0.3333333333333333,0.11732465065798399,0.10945597612264278,0.07126797078856349,0.12199266797414103,0.12307692307692306,0.16713881019830024,0.6,0.003703703703703704,0.0031746031746031746,0.020512820512820513,12,9,5,18,21,13,Other Stakeholder Perspective|Other Stakeholder Perspective|Implicit Existence,Vague or Ambiguous Terms|Other Stakeholder Perspective|Vague or Ambiguous Terms
11:44,11,1,12,44,LLaMA2 Oracle Vanilla 60,0.3333333333333333,0.15852828821939627,0.14765454915935344,0.12707895296982158,0.2071401434163461,0.20863016486871566,0.27839643652561247,0.6,0.024033437826541278,0.02060008956560681,0.046969696969696974,12,9,5,18,21,12,Other Stakeholder Perspective|Other Stakeholder Perspective|Implicit Existence,Vague or Ambiguous Terms|Vague or Ambiguous Terms|Other Stakeholder Perspective
12:42,12,2,13,42,LLaMA2 Oracle Vanilla 60,0.6666666666666666,0.172304008973464,0.16056122708868337,0.1895367067972859,0.3638172673280692,0.4646271510516252,0.5189309576837418,0.0,0.012152777777777776,0.01023391812865497,0.01515151515151515,10,9,4,16,19,11,Vague or Ambiguous Terms|Other Stakeholder Perspective|Other Stakeholder Perspective,Vague or Ambiguous Terms|Lacks Evidence|Other Stakeholder Perspective
12:43,12,2,13,43,LLaMA2 Oracle Vanilla 60,0.6666666666666666,0.19078883409339983,0.17785028024155913,0.21442995488059866,0.4120745851216023,0.5189309576837418,0.5879828326180258,0.0,0.010416666666666666,0.008771929824561403,0.016666666666666666,9,8,4,16,19,10,Vague or Ambiguous Terms|Other Stakeholder Perspective|Other Stakeholder Perspective,Vague or Ambiguous Terms|Other Stakeholder Perspective|Vague or Ambiguous Terms
12:44,12,2,13,44,LLaMA2 Oracle Vanilla 60,0.3333333333333333,0.14097744360902253,0.13157894736842102,0.1097227688885086,0.19939170411568408,0.22807017543859645,0.27919911012235815,0.5,0.0,0.0,0.02,11,9,4,16,19,10,Vague or Ambiguous Terms|Other Stakeholder Perspective|Other Stakeholder Perspective,Vague or Ambiguous Terms|Temporal Contrast|Vague or Ambiguous Terms
13:42,13,3,14,42,LLaMA2 Oracle Vanilla 60,0.3333333333333333,0.17229844755433477,0.1582404813288966,0.1856346938091327,0.1758486305899566,0.13662790697674415,0.16713881019830024,0.5,0.12214164511958629,0.1028561222059674,0.1954266321913381,11,9,4,16,19,10,Lacks Evidence|Lacks Evidence|Lacks Evidence,Vague or Ambiguous Terms|Lacks Evidence|Other Stakeholder Perspective
13:43,13,3,14,43,LLaMA2 Oracle Vanilla 60,0.6666666666666666,0.2045070139440854,0.18884941234936864,0.19843770702493574,0.24095586356384513,0.22785851384699748,0.27879799666110183,0.5,0.12142803990666477,0.10321383392066505,0.15589402427637722,11,9,4,17,20,12,Lacks Evidence|Lacks Evidence|Lacks Evidence,Vague or Ambiguous Terms|Lacks Evidence|Lacks Evidence
13:44,13,3,14,44,LLaMA2 Oracle Vanilla 60,0.6666666666666666,0.1328956946481253,0.12322456409978541,0.09563025492221966,0.13127762398840476,0.13403653202984306,0.16300459887583035,0.5,0.048685054307891676,0.041382296161707924,0.05996148459383754,11,9,4,17,20,12,Lacks Evidence|Lacks Evidence|Lacks Evidence,Vague or Ambiguous Terms|Lacks Evidence|Lacks Evidence
14:42,14,4,15,42,LLaMA2 Oracle Vanilla 60,1.0,0.3665867875647668,0.33880556313062443,0.4129378482270115,0.6334356260527794,0.626943005181347,0.8296836982968369,0.5,0.15875,0.1336842105263158,0.19230769230769232,9,7,4,16,19,13,Lacks Evidence|Vague or Ambiguous Terms|Other Stakeholder Perspective,Vague or Ambiguous Terms|Other Stakeholder Perspective|Lacks Evidence
14:43,14,4,15,43,LLaMA2 Oracle Vanilla 60,0.6666666666666666,0.4031407877973385,0.37181282011448963,0.42494897812275684,0.6390917377743911,0.626943005181347,0.8296836982968369,0.75,0.1717167277167277,0.1430972730972731,0.2106776556776557,9,7,4,15,18,12,Lacks Evidence|Vague or Ambiguous Terms|Other Stakeholder Perspective,Vague or Ambiguous Terms|Other Stakeholder Perspective|Other Stakeholder Perspective
14:44,14,4,15,44,LLaMA2 Oracle Vanilla 60,1.0,0.4303377244752048,0.3962213052818331,0.4435360927938661,0.6710914145814065,0.7012222725215029,0.8736208625877633,0.75,0.17299319727891158,0.14246498599439777,0.21584415584415584,11,9,4,14,17,11,Lacks Evidence|Vague or Ambiguous Terms|Other Stakeholder Perspective,Vague or Ambiguous Terms|Lacks Evidence|Other Stakeholder Perspective
15:42,15,0,16,42,LLaMA2 Oracle Vanilla 60,0.3333333333333333,0.35185386258542933,0.32587041726826665,0.2937213646081479,0.47002697450813014,0.5089285714285713,0.626943005181347,1.0,0.0974515298708847,0.08120960822573725,0.11730990783410138,11,9,4,15,18,12,Other Stakeholder Perspective|Vague or Ambiguous Terms|Other Stakeholder Perspective,Vague or Ambiguous Terms|Vague or Ambiguous Terms|Lacks Evidence
15:43,15,0,16,43,LLaMA2 Oracle Vanilla 60,0.3333333333333333,0.361734693877551,0.33460347522847517,0.306975650644692,0.4762684957691272,0.5089285714285713,0.626943005181347,1.0,0.11631493506493507,0.09692911255411256,0.13758116883116883,11,9,4,15,18,12,Other Stakeholder Perspective|Vague or Ambiguous Terms|Other Stakeholder Perspective,Vague or Ambiguous Terms|Lacks Evidence|Lacks Evidence
15:44,15,0,16,44,LLaMA2 Oracle Vanilla 60,0.6666666666666666,0.3738129820347641,0.3462105653909491,0.2964457235825069,0.4713098911747968,0.5616438356164383,0.626943005181347,1.0,0.10343125960061444,0.08619271633384537,0.12147657450076806,10,9,4,15,18,12,Other Stakeholder Perspective|Vague or Ambiguous Terms|Other Stakeholder Perspective,Vague or Ambiguous Terms|Lacks Evidence|Other Stakeholder Perspective
16:42,16,1,17,42,LLaMA2 Oracle Vanilla 60,0.3333333333333333,-0.008433844758649828,-0.008144364376575005,-0.010009636091823,-0.03583677990685522,-0.04761904761904763,-0.05882352941176471,0.0,0.016366556110110078,0.013911572693593565,0.015833013312852022,11,9,4,17,20,12,Vague or Ambiguous Terms|Lacks Evidence|Overgeneralized Statement,Lacks Evidence|Implicit Existence
16:43,16,1,17,43,LLaMA2 Oracle Vanilla 60,0.3333333333333333,-0.01066946591460161,-0.010111800594391485,-0.010805971080930942,-0.03621177873754961,-0.04761904761904763,-0.05882352941176471,0.0,0.012098552085111224,0.010370187501523905,0.014615089211863405,11,9,4,18,21,13,Vague or Ambiguous Terms|Lacks Evidence|Overgeneralized Statement,Lacks Evidence|Lacks Evidence|Lacks Evidence
16:44,16,1,17,44,LLaMA2 Oracle Vanilla 60,0.3333333333333333,-0.01683023067016908,-0.015880606611370758,-0.021464119265763186,-0.0508071275330852,-0.062295081967213124,-0.07692307692307693,0.0,0.010343479152777066,0.008791957279860506,0.007896505376344086,9,7,4,17,20,12,Vague or Ambiguous Terms|Lacks Evidence|Overgeneralized Statement,Lacks Evidence|Lacks Evidence|Lacks Evidence
17:42,17,2,18,42,LLaMA2 Oracle Vanilla 60,0.0,0.26026899652371416,0.24221010833041906,0.21674007479169155,0.3732383447858199,0.4164824755288917,0.5125253893026406,0.75,0.0424573055028463,0.03608870967741935,0.060147849462365593,11,9,4,17,20,12,Implicit Existence|Overgeneralized Statement|Implicit Existence,Vague or Ambiguous Terms|Lacks Evidence|Lacks Evidence
17:43,17,2,18,43,LLaMA2 Oracle Vanilla 60,0.0,0.16578217799004624,0.15354993112041204,0.22908633047951932,0.3486732562987981,0.3603411513859275,0.4551083591331269,0.0,0.07080610021786493,0.06018518518518519,0.10942760942760943,10,8,4,17,20,11,Implicit Existence|Overgeneralized Statement|Implicit Existence,Lacks Evidence|Other Stakeholder Perspective|Other Stakeholder Perspective
17:44,17,2,18,44,LLaMA2 Oracle Vanilla 60,0.3333333333333333,0.20286159571705045,0.1876404491326816,0.2702997908096623,0.40024140653634366,0.41867293012331175,0.5158924205378973,0.0,0.10182241219392922,0.08654905036483984,0.1402801633064791,11,9,4,17,20,12,Implicit Existence|Overgeneralized Statement|Implicit Existence,Vague or Ambiguous Terms|Overgeneralized Statement|Vague or Ambiguous Terms
18:42,18,3,19,42,LLaMA2 Oracle Vanilla 60,0.3333333333333333,0.277582461556051,0.25492942274949193,0.3116202099659474,0.418092464612638,0.41666666666666663,0.5128552097428958,0.5,0.13220288115246098,0.10887296094908552,0.20508403361344535,11,9,4,14,17,10,Implicit Existence|Vague or Ambiguous Terms|Other Stakeholder Perspective,Vague or Ambiguous Terms|Lacks Evidence|Lacks Evidence
18:43,18,3,19,43,LLaMA2 Oracle Vanilla 60,0.3333333333333333,0.3351542827636161,0.3096821089069604,0.3084395785716532,0.4790935531031232,0.5114451656986675,0.6309794988610479,0.75,0.12067283593599383,0.1005606966133282,0.13768315018315017,11,9,4,15,18,12,Implicit Existence|Vague or Ambiguous Terms|Other Stakeholder Perspective,Vague or Ambiguous Terms|Lacks Evidence|Temporal Contrast
18:44,18,3,19,44,LLaMA2 Oracle Vanilla 60,0.3333333333333333,0.30340853964081876,0.2799840893564388,0.27482884999459195,0.40237416714805163,0.41867293012331175,0.5158924205378973,0.75,0.12332112332112333,0.10276760276760277,0.1472069597069597,11,9,4,15,18,12,Implicit Existence|Vague or Ambiguous Terms|Other Stakeholder Perspective,Vague or Ambiguous Terms|Lacks Evidence|Vague or Ambiguous Terms
19:42,19,4,20,42,LLaMA2 Oracle Vanilla 60,0.3333333333333333,0.2951239241785987,0.2736281635861135,0.28757975033013555,0.406247442736071,0.4161137440758293,0.511864406779661,0.75,0.10924993883471393,0.09286244800950684,0.1688408145627397,11,9,4,17,20,11,Vague or Ambiguous Terms|Vague or Ambiguous Terms|Other Stakeholder Perspective,Lacks Evidence|Other Stakeholder Perspective|Other Stakeholder Perspective
19:43,19,4,20,43,LLaMA2 Oracle Vanilla 60,0.3333333333333333,0.2515689119558991,0.23326170344642083,0.22059057977304422,0.3105715829760024,0.31922955478370696,0.3906567366283006,0.75,0.09215686274509804,0.07833333333333334,0.13055555555555556,11,9,4,17,20,12,Vague or Ambiguous Terms|Vague or Ambiguous Terms|Other Stakeholder Perspective,Lacks Evidence|Other Stakeholder Perspective|Other Stakeholder Perspective
19:44,19,4,20,44,LLaMA2 Oracle Vanilla 60,0.3333333333333333,0.22553883302469802,0.20926776824979662,0.21871172320924176,0.31230459562838586,0.32218309859154926,0.39560439560439553,0.5,0.09726747764382174,0.08337212369470434,0.1250626613529839,11,9,4,18,21,13,Vague or Ambiguous Terms|Vague or Ambiguous Terms|Other Stakeholder Perspective,Lacks Evidence|Other Stakeholder Perspective|Other Stakeholder Perspective
20:42,20,0,21,42,LLaMA2 Oracle Vanilla 60,0.6666666666666666,0.27170949419129625,0.25150105375857884,0.2692306575642038,0.33955545855205094,0.3264728582454335,0.4021461420541645,0.75,0.12566844919786097,0.10681818181818181,0.19886363636363635,11,9,4,17,20,12,Overgeneralized Statement|Other Stakeholder Perspective|Other Stakeholder Perspective,Other Stakeholder Perspective|Other Stakeholder Perspective|Other Stakeholder Perspective
20:43,20,0,21,43,LLaMA2 Oracle Vanilla 60,0.3333333333333333,0.23877941394663801,0.2220633014947396,0.1960606210789499,0.30509925795916554,0.3264728582454335,0.4021461420541645,0.75,0.06280193236714976,0.05383022774327122,0.08695652173913043,11,9,4,18,21,13,Overgeneralized Statement|Other Stakeholder Perspective|Other Stakeholder Perspective,Vague or Ambiguous Terms|Vague or Ambiguous Terms|Other Stakeholder Perspective
20:44,20,0,21,44,LLaMA2 Oracle Vanilla 60,0.6666666666666666,0.2748536089800689,0.2543355208787602,0.2556088626924089,0.3331408752187176,0.3264728582454335,0.4021461420541645,0.75,0.1316708501582451,0.11192022263450833,0.178030303030303,11,9,4,17,20,12,Overgeneralized Statement|Other Stakeholder Perspective|Other Stakeholder Perspective,Vague or Ambiguous Terms|Other Stakeholder Perspective|Other Stakeholder Perspective
21:42,21,1,22,42,LLaMA2 Oracle Vanilla 60,0.6666666666666666,0.45428360941895884,0.41946551863865056,0.5535905291712603,0.7245026919038058,0.7064659596305166,0.8766184310738766,0.5,0.27195100914266,0.23115835777126098,0.38257575757575757,11,9,4,17,20,12,Overgeneralized Statement|Temporal Contrast|Other Stakeholder Perspective,Vague or Ambiguous Terms|Overgeneralized Statement|Other Stakeholder Perspective
21:43,21,1,22,43,LLaMA2 Oracle Vanilla 60,0.6666666666666666,0.3873926956979561,0.3569913525860662,0.4855661413000863,0.5655287206931703,0.5154185022026431,0.636697247706422,0.5,0.27450980392156865,0.23333333333333334,0.4055555555555556,11,9,4,17,20,12,Overgeneralized Statement|Temporal Contrast|Other Stakeholder Perspective,Vague or Ambiguous Terms|Overgeneralized Statement|Other Stakeholder Perspective
21:44,21,1,22,44,LLaMA2 Oracle Vanilla 60,0.6666666666666666,0.4736285249334473,0.4387846244469965,0.5364823168707403,0.716446334094948,0.781962338949455,0.8766184310738766,0.5,0.25740740740740736,0.2206349206349206,0.35641025641025637,10,9,4,18,21,13,Overgeneralized Statement|Temporal Contrast|Other Stakeholder Perspective,Lacks Evidence|Overgeneralized Statement|Other Stakeholder Perspective
22:42,22,2,23,42,LLaMA2 Oracle Vanilla 60,0.6666666666666666,0.2696643690588818,0.251353411121623,0.2627210506256749,0.5060103257638315,0.5695364238410595,0.7225433526011561,0.5,0.012857142857142855,0.010714285714285713,0.019285714285714285,10,8,4,15,18,10,Other Stakeholder Perspective|Other Stakeholder Perspective|Overgeneralized Statement,Vague or Ambiguous Terms|Other Stakeholder Perspective|Other Stakeholder Perspective
22:43,22,2,23,43,LLaMA2 Oracle Vanilla 60,0.3333333333333333,0.30900180730839927,0.28798979007594255,0.31309943898033904,0.6021941481674198,0.6752368064952639,0.8594950603732162,0.5,0.015887445887445888,0.013239538239538239,0.02383116883116883,10,8,4,15,18,10,Other Stakeholder Perspective|Other Stakeholder Perspective|Overgeneralized Statement,Vague or Ambiguous Terms|Vague or Ambiguous Terms|Other Stakeholder Perspective
22:44,22,2,23,44,LLaMA2 Oracle Vanilla 60,0.3333333333333333,0.312957463645008,0.29148595097951085,0.31181156019246026,0.6015876784704501,0.6752368064952639,0.8594950603732162,0.5,0.023439153439153437,0.0195326278659612,0.02186147186147186,10,8,4,15,18,11,Other Stakeholder Perspective|Other Stakeholder Perspective|Overgeneralized Statement,Vague or Ambiguous Terms|Lacks Evidence|Other Stakeholder Perspective
23:42,23,3,24,42,LLaMA2 Oracle Vanilla 60,0.6666666666666666,0.2096010085312332,0.1954854872321283,0.14306818668254395,0.27847932033186623,0.3243761996161228,0.39899833055091816,0.75,0.008527243821361469,0.007248157248157248,0.007575757575757576,11,9,4,17,20,12,Lacks Evidence|Vague or Ambiguous Terms|Other Stakeholder Perspective,Lacks Evidence|Other Stakeholder Perspective|Other Stakeholder Perspective
23:43,23,3,24,43,LLaMA2 Oracle Vanilla 60,0.6666666666666666,0.15362657557314044,0.14328539710219096,0.18315049629700747,0.35920229110742563,0.41867293012331175,0.5158924205378973,0.0,0.00782828282828283,0.006709956709956711,0.006993006993006993,11,9,4,18,21,13,Lacks Evidence|Vague or Ambiguous Terms|Other Stakeholder Perspective,Lacks Evidence|Other Stakeholder Perspective|Other Stakeholder Perspective
23:44,23,3,24,44,LLaMA2 Oracle Vanilla 60,0.6666666666666666,0.08644531349845358,0.08055054029289131,0.10289476441161834,0.1981565798433776,0.2304526748971193,0.28294177732379977,0.0,0.007905138339920948,0.0067193675889328066,0.007575757575757576,11,9,4,17,20,12,Lacks Evidence|Vague or Ambiguous Terms|Other Stakeholder Perspective,Other Stakeholder Perspective|Other Stakeholder Perspective|Lacks Evidence
24:42,24,4,25,42,LLaMA2 Oracle Vanilla 60,0.3333333333333333,0.17190744912848677,0.15905350795187326,0.21211641385789992,0.26860728225420955,0.25373134328358204,0.3188854489164087,0.2,0.10973375973375973,0.09405750834322263,0.1555916305916306,10,8,5,18,21,12,Lacks Evidence|Lacks Evidence|Other Stakeholder Perspective,Lacks Evidence
24:43,24,4,25,43,LLaMA2 Oracle Vanilla 60,0.3333333333333333,0.14780177843125938,0.13656435656176938,0.20944466721728905,0.2676278523384324,0.25399644760213147,0.3194122196442382,0.0,0.1089876354582237,0.09341797324990601,0.15122655122655124,10,8,5,18,21,12,Lacks Evidence|Lacks Evidence|Other Stakeholder Perspective,Other Stakeholder Perspective|Vague or Ambiguous Terms|Other Stakeholder Perspective
24:44,24,4,25,44,LLaMA2 Oracle Vanilla 60,0.6666666666666666,0.18436523899819351,0.17041575496393546,0.2192797327912935,0.26535253359725397,0.22466960352422904,0.3063583815028902,0.3,0.13060436295730413,0.11194659682054639,0.1731792717086835,11,8,5,18,21,12,Lacks Evidence|Lacks Evidence|Other Stakeholder Perspective,Lacks Evidence|Lacks Evidence|Lacks Evidence
25:42,25,0,26,42,LLaMA2 Oracle Vanilla 60,0.6666666666666666,0.2471239562175581,0.22908204015712116,0.2529705464027498,0.3899497650231125,0.4161137440758293,0.511864406779661,0.5,0.07443181818181818,0.06267942583732057,0.1159090909090909,11,9,4,16,19,12,Implicit Existence|Vague or Ambiguous Terms|Other Stakeholder Perspective,Vague or Ambiguous Terms|Lacks Evidence|Other Stakeholder Perspective
25:43,25,0,26,43,LLaMA2 Oracle Vanilla 60,0.6666666666666666,0.2471239562175581,0.22908204015712116,0.2529705464027498,0.3899497650231125,0.4161137440758293,0.511864406779661,0.5,0.07443181818181818,0.06267942583732057,0.1159090909090909,11,9,4,16,19,12,Implicit Existence|Vague or Ambiguous Terms|Other Stakeholder Perspective,Vague or Ambiguous Terms|Lacks Evidence|Other Stakeholder Perspective
25:44,25,0,26,44,LLaMA2 Oracle Vanilla 60,0.6666666666666666,0.2471239562175581,0.22908204015712116,0.2529705464027498,0.3899497650231125,0.4161137440758293,0.511864406779661,0.5,0.07443181818181818,0.06267942583732057,0.1159090909090909,11,9,4,16,19,12,Implicit Existence|Vague or Ambiguous Terms|Other Stakeholder Perspective,Vague or Ambiguous Terms|Lacks Evidence|Other Stakeholder Perspective
26:42,26,1,27,42,LLaMA2 Oracle Vanilla 60,0.6666666666666666,0.24983585849782347,0.23093923823942514,0.2968775188365166,0.47364891116173125,0.5114451656986676,0.6309794988610479,0.25,0.07142857142857142,0.058823529411764705,0.12,11,9,4,14,17,10,Vague or Ambiguous Terms|Other Stakeholder Perspective|Other Stakeholder Perspective,Other Stakeholder Perspective|Other Stakeholder Perspective|Other Stakeholder Perspective
26:44,26,1,27,44,LLaMA2 Oracle Vanilla 60,0.3333333333333333,0.3778267034237184,0.35171644582921524,0.3729783037475345,0.7047317948717949,0.7557666214382632,1.0,0.75,0.035555555555555556,0.02962962962962963,0.041025641025641026,9,7,4,15,18,13,Vague or Ambiguous Terms|Other Stakeholder Perspective|Other Stakeholder Perspective,Vague or Ambiguous Terms
27:42,27,2,28,42,LLaMA2 Oracle Vanilla 60,0.6666666666666666,0.27898910127189025,0.25786259242648635,0.2753939602329023,0.36602350683322954,0.35510541546093427,0.446685878962536,0.75,0.12004368279569891,0.10108941709111487,0.18471000325839035,10,8,4,16,19,11,Lacks Evidence|Other Stakeholder Perspective|Other Stakeholder Perspective,Lacks Evidence|Lacks Evidence|Other Stakeholder Perspective
27:43,27,2,28,43,LLaMA2 Oracle Vanilla 60,0.0,0.27383405285191,0.253839727523938,0.23316848857194677,0.34613928384295817,0.3956043956043956,0.446685878962536,0.75,0.08258928571428571,0.06954887218045112,0.12012987012987013,9,8,4,16,19,11,Lacks Evidence|Other Stakeholder Perspective|Other Stakeholder Perspective,Vague or Ambiguous Terms
27:44,27,2,28,44,LLaMA2 Oracle Vanilla 60,1.0,0.2813275366460399,0.25995114714662,0.26532963313228486,0.3612841559996247,0.35510541546093427,0.446685878962536,0.75,0.12450796850998462,0.10484881558735547,0.1693175029868578,10,8,4,16,19,12,Lacks Evidence|Other Stakeholder Perspective|Other Stakeholder Perspective,Lacks Evidence|Other Stakeholder Perspective|Other Stakeholder Perspective
28:42,28,3,29,42,LLaMA2 Oracle Vanilla 60,0.3333333333333333,0.15684308811243797,0.14478557504873293,0.14405690558360187,0.1519979325794092,0.13157894736842105,0.1590656284760845,0.5,0.09607843137254901,0.08166666666666667,0.1361111111111111,11,9,4,17,20,12,Lacks Evidence|Implicit Existence|Lacks Evidence,Vague or Ambiguous Terms|Lacks Evidence
28:43,28,3,29,43,LLaMA2 Oracle Vanilla 60,0.3333333333333333,0.15684308811243797,0.14478557504873293,0.14405690558360187,0.1519979325794092,0.13157894736842105,0.1590656284760845,0.5,0.09607843137254901,0.08166666666666667,0.1361111111111111,11,9,4,17,20,12,Lacks Evidence|Implicit Existence|Lacks Evidence,Vague or Ambiguous Terms|Lacks Evidence
28:44,28,3,29,44,LLaMA2 Oracle Vanilla 60,0.0,0.15684308811243797,0.14478557504873293,0.14405690558360187,0.1519979325794092,0.13157894736842105,0.1590656284760845,0.5,0.09607843137254901,0.08166666666666667,0.1361111111111111,11,9,4,17,20,12,Lacks Evidence|Implicit Existence|Lacks Evidence,Vague or Ambiguous Terms
29:42,29,4,30,42,LLaMA2 Oracle Vanilla 60,0.6666666666666666,0.021517378881377114,0.018640667324877847,0.04868559802770331,-0.02517313074352546,-0.06666666666666667,-0.09090909090909088,0.0,0.08653317786444721,0.07355320118478012,0.12258866864130023,8,6,4,17,20,12,Vague or Ambiguous Terms|Vague or Ambiguous Terms|Other Stakeholder Perspective,Vague or Ambiguous Terms|Lacks Evidence|Other Stakeholder Perspective
29:43,29,4,30,43,LLaMA2 Oracle Vanilla 60,0.6666666666666666,0.22216297941205645,0.20461671054660244,0.19421082961303504,0.17536811252628204,0.13134082807787223,0.15859766277128545,0.75,0.16412421427901305,0.13950558213716108,0.2130648591174907,11,9,4,17,20,12,Vague or Ambiguous Terms|Vague or Ambiguous Terms|Other Stakeholder Perspective,Vague or Ambiguous Terms|Other Stakeholder Perspective|Other Stakeholder Perspective
29:44,29,4,30,44,LLaMA2 Oracle Vanilla 60,0.6666666666666666,0.2668684550916778,0.24627646170379147,0.23513754775438175,0.2582380344447573,0.25076452599388377,0.27879799666110183,0.75,0.16804578290646402,0.1428389154704944,0.21202319245082404,10,9,4,17,20,12,Vague or Ambiguous Terms|Vague or Ambiguous Terms|Other Stakeholder Perspective,Vague or Ambiguous Terms|Other Stakeholder Perspective|Other Stakeholder Perspective
30:42,30,0,31,42,LLaMA2 Oracle Vanilla 60,0.6666666666666666,0.14497376231135078,0.13515452383627308,0.13218759135137392,0.22942097431460373,0.22143579373104147,0.3159609120521173,0.5,0.012152777777777778,0.010416666666666666,0.034895833333333334,7,5,4,18,21,12,Implicit Existence|Lacks Evidence|Lacks Evidence,Vague or Ambiguous Terms|Lacks Evidence|Lacks Evidence
30:43,30,0,31,43,LLaMA2 Oracle Vanilla 60,0.6666666666666666,0.13881059035371357,0.12880803351774583,0.0779634381634285,0.06751452222709259,0.05221588415971916,0.05821474773609315,0.75,0.05894575147546285,0.05052492983611101,0.08841862721319427,9,8,4,18,21,12,Implicit Existence|Lacks Evidence|Lacks Evidence,Lacks Evidence|Lacks Evidence|Lacks Evidence
30:44,30,0,31,44,LLaMA2 Oracle Vanilla 60,0.6666666666666666,0.1093609040038977,0.10158759362719386,0.11178106183224139,0.16652408891146847,0.16713881019830024,0.2152466367713004,0.25,0.03800344614496362,0.03257438240996882,0.05700516921744544,9,7,4,18,21,12,Implicit Existence|Lacks Evidence|Lacks Evidence,Lacks Evidence|Lacks Evidence|Other Stakeholder Perspective
31:42,31,1,32,42,LLaMA2 Oracle Vanilla 60,0.6666666666666666,0.23973204202141635,0.22264696471018466,0.21019448489520873,0.3099124364328137,0.324190894130554,0.3986636971046771,0.75,0.0661764705882353,0.05625,0.11041666666666666,11,9,4,17,20,12,Vague or Ambiguous Terms|Other Stakeholder Perspective|Vague or Ambiguous Terms,Vague or Ambiguous Terms|Lacks Evidence|Other Stakeholder Perspective
31:43,31,1,32,43,LLaMA2 Oracle Vanilla 60,0.3333333333333333,0.3351576571949073,0.310853029068188,0.31120283309888697,0.455652277831248,0.5158924205378973,0.5842155919153031,0.75,0.11764705882352941,0.1,0.16666666666666666,9,8,4,17,20,12,Vague or Ambiguous Terms|Other Stakeholder Perspective|Vague or Ambiguous Terms,Vague or Ambiguous Terms
31:44,31,1,32,44,LLaMA2 Oracle Vanilla 60,0.6666666666666666,0.23973204202141635,0.22264696471018466,0.21019448489520873,0.3099124364328137,0.324190894130554,0.3986636971046771,0.75,0.0661764705882353,0.05625,0.11041666666666666,11,9,4,17,20,12,Vague or Ambiguous Terms|Other Stakeholder Perspective|Vague or Ambiguous Terms,Vague or Ambiguous Terms|Lacks Evidence|Other Stakeholder Perspective
32:42,32,2,33,42,LLaMA2 Oracle Vanilla 60,0.6666666666666666,0.2543329637239235,0.23490006655385126,0.19805070416506143,0.3043709112409571,0.3219841502788377,0.39899833055091816,0.75,0.09555555555555556,0.07962962962962963,0.09166666666666667,11,9,4,15,18,12,Lacks Evidence|Overgeneralized Statement|Vague or Ambiguous Terms,Vague or Ambiguous Terms|Other Stakeholder Perspective|Lacks Evidence
32:43,32,2,33,43,LLaMA2 Oracle Vanilla 60,0.6666666666666666,0.17690353334316183,0.1649371249474449,0.15727058029689608,0.3061184649122807,0.3188854489164087,0.43859649122807015,0.5,0.006666666666666667,0.005555555555555556,0.008333333333333333,8,6,4,15,18,12,Lacks Evidence|Overgeneralized Statement|Vague or Ambiguous Terms,Vague or Ambiguous Terms|Lacks Evidence
32:44,32,2,33,44,LLaMA2 Oracle Vanilla 60,0.6666666666666666,0.283809416389632,0.26154109117727453,0.2771784573114209,0.40152439212136987,0.4137341988384011,0.5121951219512195,0.75,0.08927193208129663,0.07253344481605352,0.1527578701491745,11,9,4,13,16,9,Lacks Evidence|Overgeneralized Statement|Vague or Ambiguous Terms,Vague or Ambiguous Terms|Other Stakeholder Perspective|Lacks Evidence
33:42,33,3,34,42,LLaMA2 Oracle Vanilla 60,0.3333333333333333,0.35329206393197776,0.32564118486823745,0.42233273267651117,0.5077720657134165,0.46192052980132453,0.5838150289017341,0.5,0.24588448809650898,0.20900181488203265,0.3368421052631579,10,8,4,17,20,12,Other Stakeholder Perspective|Other Stakeholder Perspective|Lacks Evidence,Vague or Ambiguous Terms|Lacks Evidence|Lacks Evidence
33:43,33,3,34,43,LLaMA2 Oracle Vanilla 60,0.6666666666666666,0.3643564235372373,0.33620118621989414,0.453747278591168,0.5490641269969995,0.5134281200631912,0.6338983050847458,0.5,0.23188854489164087,0.19710526315789473,0.3583732057416268,11,9,4,17,20,11,Other Stakeholder Perspective|Other Stakeholder Perspective|Lacks Evidence,Vague or Ambiguous Terms|Other Stakeholder Perspective|Lacks Evidence
33:44,33,3,34,44,LLaMA2 Oracle Vanilla 60,0.3333333333333333,0.33766754626672135,0.3110639954615516,0.40226235609712635,0.46238335478059456,0.41867293012331175,0.5158924205378973,0.5,0.24554286324330096,0.20871143375680581,0.3421052631578947,11,9,4,17,20,12,Other Stakeholder Perspective|Other Stakeholder Perspective|Lacks Evidence,Vague or Ambiguous Terms|Lacks Evidence|Lacks Evidence
34:42,34,4,35,42,LLaMA2 Oracle Vanilla 60,0.3333333333333333,0.31738121420791227,0.29309425107725356,0.33507819487909657,0.4323536101921943,0.42073505211190343,0.5189309576837418,0.75,0.14859023704789834,0.12512862067191438,0.23774437927663733,11,9,4,16,19,10,Implicit Existence|Other Stakeholder Perspective|Other Stakeholder Perspective,Vague or Ambiguous Terms|Other Stakeholder Perspective|Temporal Contrast
34:43,34,4,35,43,LLaMA2 Oracle Vanilla 60,0.0,0.2780804358001994,0.256796905130971,0.2943397984424828,0.4131696596725668,0.42073505211190343,0.5189309576837418,0.5,0.13037966008771928,0.10979339796860571,0.17543859649122806,11,9,4,16,19,11,Implicit Existence|Other Stakeholder Perspective|Other Stakeholder Perspective,Vague or Ambiguous Terms
34:44,34,4,35,44,LLaMA2 Oracle Vanilla 60,0.3333333333333333,0.20290707238745798,0.18766848027333433,0.17857702151171811,0.19844365824338633,0.16753185464841905,0.21612541993281073,0.75,0.10268723729758866,0.08728415170295037,0.15869845764172794,9,7,4,17,20,11,Implicit Existence|Other Stakeholder Perspective|Other Stakeholder Perspective,Vague or Ambiguous Terms|Lacks Evidence|Other Stakeholder Perspective
35:42,35,0,36,42,LLaMA2 Oracle Vanilla 60,0.6666666666666666,0.209620116063566,0.19544771551004506,0.2620991725037968,0.5057174796981325,0.5695364238410595,0.7225433526011561,0.0,0.011863568956994563,0.010084033613445379,0.01833460656990069,10,8,4,17,20,11,Other Stakeholder Perspective|Vague or Ambiguous Terms|Lacks Evidence,Vague or Ambiguous Terms|Lacks Evidence|Lacks Evidence
35:43,35,0,36,43,LLaMA2 Oracle Vanilla 60,1.0,0.33862651146084427,0.3145582071553791,0.3576528953663729,0.5672516765131774,0.6090225563909775,0.7537993920972644,0.5,0.11758977888594531,0.10079123904509599,0.14792827945001857,11,9,4,18,21,13,Other Stakeholder Perspective|Vague or Ambiguous Terms|Lacks Evidence,Vague or Ambiguous Terms|Lacks Evidence|Other Stakeholder Perspective
35:44,35,0,36,44,LLaMA2 Oracle Vanilla 60,1.0,0.2938852263628595,0.27305931455446747,0.2897925933789951,0.47211919276484443,0.5137353962740764,0.6343940419769803,0.5,0.0971431165058616,0.08326552843359566,0.10735653235653235,11,9,4,18,21,13,Other Stakeholder Perspective|Vague or Ambiguous Terms|Lacks Evidence,Vague or Ambiguous Terms|Lacks Evidence|Other Stakeholder Perspective
36:42,36,1,37,42,LLaMA2 Oracle Vanilla 60,0.3333333333333333,0.16671314525130507,0.15448008906892127,0.17046116556212043,0.22539227664712586,0.20423670274004144,0.274282223579719,0.4,0.08810916179337232,0.07552213868003342,0.1154970760233918,12,9,5,18,21,12,Vague or Ambiguous Terms|Other Stakeholder Perspective|Lacks Evidence,Lacks Evidence|Lacks Evidence|Implicit Existence
36:43,36,1,37,43,LLaMA2 Oracle Vanilla 60,0.3333333333333333,0.16089303943119926,0.14918908377791598,0.1773263763746997,0.22862514480236243,0.20423670274004144,0.274282223579719,0.4,0.0769980506822612,0.06599832915622389,0.12599681020733652,12,9,5,18,21,11,Vague or Ambiguous Terms|Other Stakeholder Perspective|Lacks Evidence,Lacks Evidence|Lacks Evidence|Lacks Evidence
36:44,36,1,37,44,LLaMA2 Oracle Vanilla 60,0.3333333333333333,0.10798298652114634,0.1005118351006673,0.12977392882225214,0.20623241752963517,0.20423670274004144,0.274282223579719,0.2,0.021442495126705652,0.018379281537176273,0.0532695374800638,12,9,5,18,21,11,Vague or Ambiguous Terms|Other Stakeholder Perspective|Lacks Evidence,Lacks Evidence
37:42,37,2,38,42,LLaMA2 Oracle Vanilla 60,0.3333333333333333,0.227391874180865,0.21223241590214065,0.2501111605157848,0.5000722543352601,0.636697247706422,0.7225433526011561,0.0,0.0,0.0,0.0,9,8,5,17,20,10,Other Stakeholder Perspective|Other Stakeholder Perspective|Overgeneralized Statement,Lacks Evidence|Vague or Ambiguous Terms|Other Stakeholder Perspective
37:43,37,2,38,43,LLaMA2 Oracle Vanilla 60,0.3333333333333333,0.18698771952918464,0.17444010147880226,0.19314912729546876,0.3619544863266815,0.38078783690393925,0.5121951219512195,0.4,0.006439393939393939,0.00551948051948052,0.024242424242424242,12,9,5,18,21,12,Other Stakeholder Perspective|Other Stakeholder Perspective|Overgeneralized Statement,Vague or Ambiguous Terms|Other Stakeholder Perspective|Vague or Ambiguous Terms
37:44,37,2,38,44,LLaMA2 Oracle Vanilla 60,0.6666666666666666,0.18702600969905375,0.17447491072413782,0.18225169139803288,0.35682281966001483,0.3807878369039392,0.5121951219512195,0.4,0.006512493354598618,0.005582137161084529,0.007575757575757576,12,9,5,18,21,12,Other Stakeholder Perspective|Other Stakeholder Perspective|Overgeneralized Statement,Vague or Ambiguous Terms|Other Stakeholder Perspective|Other Stakeholder Perspective
38:42,38,3,39,42,LLaMA2 Oracle Vanilla 60,0.3333333333333333,0.3028316839253572,0.28057892150886793,0.30243633131951486,0.4134184735675108,0.41629816803537584,0.5121951219512195,0.75,0.12383900928792568,0.10526315789473684,0.19138755980861244,11,9,4,17,20,11,Bias and Subjectivity|Vague or Ambiguous Terms|Temporal Contrast,Vague or Ambiguous Terms|Lacks Evidence|Lacks Evidence
38:43,38,3,39,43,LLaMA2 Oracle Vanilla 60,0.0,0.36745800319311733,0.3410275384463591,0.36824573727962334,0.57204163822799,0.6087551299589603,0.7534246575342466,0.75,0.11599587203302374,0.09859649122807017,0.16432748538011696,11,9,4,17,20,12,Bias and Subjectivity|Vague or Ambiguous Terms|Temporal Contrast,Lacks Evidence|Lacks Evidence|Other Stakeholder Perspective
38:44,38,3,39,44,LLaMA2 Oracle Vanilla 60,0.0,0.3546630537428456,0.3290202261489813,0.3305037092949671,0.49102800525324614,0.5671776375112714,0.6338983050847458,0.75,0.1199174406604747,0.1019298245614035,0.1698830409356725,10,9,4,17,20,12,Bias and Subjectivity|Vague or Ambiguous Terms|Temporal Contrast,Other Stakeholder Perspective
39:42,39,4,40,42,LLaMA2 Oracle Vanilla 60,0.3333333333333333,0.3104717433178663,0.2880403244358363,0.3654692065487939,0.5074934635894688,0.46912442396313364,0.6338983050847458,0.6,0.1364975845410628,0.11699792960662526,0.2233596837944664,12,9,5,18,21,11,Other Stakeholder Perspective|Other Stakeholder Perspective|Other Stakeholder Perspective,Vague or Ambiguous Terms|Lacks Evidence|Other Stakeholder Perspective
39:43,39,4,40,43,LLaMA2 Oracle Vanilla 60,0.0,0.3104717433178663,0.2880403244358363,0.3654692065487939,0.5074934635894688,0.46912442396313364,0.6338983050847458,0.6,0.1364975845410628,0.11699792960662526,0.2233596837944664,12,9,5,18,21,11,Other Stakeholder Perspective|Other Stakeholder Perspective|Other Stakeholder Perspective,Vague or Ambiguous Terms
39:44,39,4,40,44,LLaMA2 Oracle Vanilla 60,0.6666666666666666,0.22134611315109878,0.205154444402316,0.24951011055022493,0.31158558071556475,0.25399644760213147,0.3668341708542714,0.6,0.11302681992337164,0.09688013136288998,0.18739737274220034,10,7,5,18,21,12,Other Stakeholder Perspective|Other Stakeholder Perspective|Other Stakeholder Perspective,Vague or Ambiguous Terms|Other Stakeholder Perspective|Other Stakeholder Perspective
40:42,40,0,41,42,LLaMA2 Oracle Vanilla 60,1.0,0.1455812781138514,0.13456007009924376,0.20487944890929966,0.3096959701492537,0.3159609120521173,0.40298507462686567,0.0,0.0625,0.05263157894736842,0.1,5,4,5,16,19,10,Vague or Ambiguous Terms|Other Stakeholder Perspective|Other Stakeholder Perspective,Vague or Ambiguous Terms|Other Stakeholder Perspective|Other Stakeholder Perspective
40:43,40,0,41,43,LLaMA2 Oracle Vanilla 60,0.6666666666666666,0.1455812781138514,0.13456007009924376,0.20487944890929966,0.3096959701492537,0.3159609120521173,0.40298507462686567,0.0,0.0625,0.05263157894736842,0.1,5,4,5,16,19,10,Vague or Ambiguous Terms|Other Stakeholder Perspective|Other Stakeholder Perspective,Vague or Ambiguous Terms|Lacks Evidence|Other Stakeholder Perspective
40:44,40,0,41,44,LLaMA2 Oracle Vanilla 60,1.0,0.3898809523809524,0.36257309941520466,0.41880341880341876,0.7263111111111111,1.0,1.0,0.0,0.0625,0.05263157894736842,0.1111111111111111,2,2,5,16,19,9,Vague or Ambiguous Terms|Other Stakeholder Perspective|Other Stakeholder Perspective,Vague or Ambiguous Terms|Other Stakeholder Perspective|Other Stakeholder Perspective
41:42,41,1,42,42,LLaMA2 Oracle Vanilla 60,0.3333333333333333,0.26564137087115375,0.24546844591474382,0.29445127180599906,0.3794539916690923,0.3603411513859275,0.4551083591331269,0.5,0.1478100138999793,0.1256385118149824,0.20939751969163733,10,8,4,17,20,12,Lacks Evidence|Lacks Evidence|Other Stakeholder Perspective,Vague or Ambiguous Terms|Other Stakeholder Perspective|Other Stakeholder Perspective
41:43,41,1,42,43,LLaMA2 Oracle Vanilla 60,0.6666666666666666,0.36154103781497365,0.333663073333914,0.4361032758889669,0.5407554623362818,0.5134281200631912,0.6338983050847458,0.5,0.226513717603683,0.19253665996313055,0.3313882604323781,11,9,4,17,20,12,Lacks Evidence|Lacks Evidence|Other Stakeholder Perspective,Vague or Ambiguous Terms|Lacks Evidence|Other Stakeholder Perspective
41:44,41,1,42,44,LLaMA2 Oracle Vanilla 60,0.6666666666666666,0.3335849782404242,0.30787747833040435,0.36731069151489504,0.44592441033079483,0.46214315266859746,0.5158924205378973,0.5,0.2081100816394934,0.1768935693935694,0.28864977614977616,10,9,4,17,20,12,Lacks Evidence|Lacks Evidence|Other Stakeholder Perspective,Vague or Ambiguous Terms|Lacks Evidence|Other Stakeholder Perspective
42:42,42,2,43,42,LLaMA2 Oracle Vanilla 60,0.6666666666666666,0.1906132157221316,0.17689644078702293,0.2574538148418745,0.3918857456301381,0.37823834196891193,0.5115332428765265,0.2,0.06055363321799307,0.051470588235294115,0.12294117647058822,12,9,5,17,20,10,Vague or Ambiguous Terms|Other Stakeholder Perspective|Vague or Ambiguous Terms,Vague or Ambiguous Terms|Other Stakeholder Perspective|Lacks Evidence
42:43,42,2,43,43,LLaMA2 Oracle Vanilla 60,0.6666666666666666,0.009133365974916192,0.008524474909921777,0.024468151056465354,0.02893362122229683,0.025573424729765336,0.03290799194089991,0.0,0.0,0.0,0.02,12,9,5,17,20,10,Vague or Ambiguous Terms|Other Stakeholder Perspective|Vague or Ambiguous Terms,Vague or Ambiguous Terms|Other Stakeholder Perspective|Lacks Evidence
42:44,42,2,43,44,LLaMA2 Oracle Vanilla 60,0.6666666666666666,0.2856634814278283,0.26646137619948956,0.25415659855019124,0.5002603078843354,0.7192982456140351,0.7192982456140351,0.2,0.009472387989012029,0.008051529790660225,0.007905138339920948,8,8,5,17,20,11,Vague or Ambiguous Terms|Other Stakeholder Perspective|Vague or Ambiguous Terms,Vague or Ambiguous Terms|Lacks Evidence|Vague or Ambiguous Terms
43:42,43,3,44,42,LLaMA2 Oracle Vanilla 60,0.0,0.33917370793618296,0.31336943532552314,0.4146892566819217,0.46823525536538985,0.38093044679871024,0.5158924205378973,0.6,0.2514245014245014,0.2155067155067155,0.3611111111111111,12,9,5,18,21,12,Lacks Evidence|Implicit Existence|Other Stakeholder Perspective,Vague or Ambiguous Terms
43:43,43,3,44,43,LLaMA2 Oracle Vanilla 60,0.6666666666666666,0.24290899235219948,0.22600959215658545,0.2712381957664976,0.45145910316098986,0.3986636971046771,0.6118598382749325,0.6,0.05555555555555555,0.047619047619047616,0.09090909090909091,9,6,5,18,21,11,Lacks Evidence|Implicit Existence|Other Stakeholder Perspective,Vague or Ambiguous Terms|Lacks Evidence|Other Stakeholder Perspective
43:44,43,3,44,44,LLaMA2 Oracle Vanilla 60,0.3333333333333333,0.2728053637029936,0.25189595895596906,0.3783644703571354,0.4511296998098343,0.3827534039334342,0.5158924205378973,0.2,0.2143874643874644,0.18376068376068377,0.3055555555555555,12,9,5,18,21,12,Lacks Evidence|Implicit Existence|Other Stakeholder Perspective,Vague or Ambiguous Terms|Vague or Ambiguous Terms|Other Stakeholder Perspective
44:42,44,4,45,42,LLaMA2 Oracle Vanilla 60,0.6666666666666666,0.12082537629109427,0.11272204202627738,0.12934971741975002,0.22808460278682594,0.19275549805950842,0.3159609120521173,0.4,0.008333333333333333,0.007246376811594202,0.030555555555555558,8,5,5,20,23,12,Vague or Ambiguous Terms|Other Stakeholder Perspective|Lacks Evidence,Vague or Ambiguous Terms|Lacks Evidence
44:43,44,4,45,43,LLaMA2 Oracle Vanilla 60,0.6666666666666666,0.19728089979823243,0.1832231442001056,0.233831493101156,0.19658357432792659,0.12324552970582577,0.16343207354443307,0.6,0.15623249299719888,0.13585434173669467,0.2711017740429505,12,9,5,20,23,12,Vague or Ambiguous Terms|Other Stakeholder Perspective|Lacks Evidence,Lacks Evidence|Lacks Evidence|Other Stakeholder Perspective
44:44,44,4,45,44,LLaMA2 Oracle Vanilla 60,0.6666666666666666,0.2583332889427842,0.2401986535936028,0.30820089819172947,0.35405464279981086,0.29249193919852595,0.3948655256723716,0.6,0.1573917748917749,0.13686241294936946,0.26231962481962484,12,9,5,20,23,12,Vague or Ambiguous Terms|Other Stakeholder Perspective|Lacks Evidence,Vague or Ambiguous Terms|Vague or Ambiguous Terms|Other Stakeholder Perspective
45:42,45,0,46,42,LLaMA2 Oracle Vanilla 60,0.3333333333333333,0.3817501586269867,0.35402296445114123,0.5111013986013986,0.7697747727272728,0.6685082872928176,1.0,0.6,0.13663101604278075,0.11613636363636363,0.2522727272727273,10,7,5,17,20,10,Vague or Ambiguous Terms|Lacks Evidence|Other Stakeholder Perspective,Vague or Ambiguous Terms
45:43,45,0,46,43,LLaMA2 Oracle Vanilla 60,0.6666666666666666,0.17613338913547072,0.16315166739478665,0.18468412392561,0.2556892555586828,0.2507645259938838,0.3188854489164087,0.4,0.07436974789915966,0.06321428571428571,0.11363636363636363,10,8,5,17,20,11,Vague or Ambiguous Terms|Lacks Evidence|Other Stakeholder Perspective,Vague or Ambiguous Terms|Vague or Ambiguous Terms|Other Stakeholder Perspective
45:44,45,0,46,44,LLaMA2 Oracle Vanilla 60,0.6666666666666666,0.2974015939571364,0.2751711929087468,0.33012494580890805,0.3941400309360451,0.35510541546093427,0.45111492281303606,0.6,0.18928571428571428,0.16224489795918368,0.26607142857142857,10,8,5,18,21,12,Vague or Ambiguous Terms|Lacks Evidence|Other Stakeholder Perspective,Vague or Ambiguous Terms|Vague or Ambiguous Terms|Lacks Evidence
46:42,46,1,47,42,LLaMA2 Oracle Vanilla 60,1.0,0.3902039900927692,0.3573615357544615,0.3687667046777587,0.442617277537839,0.45625308947108256,0.5083459787556904,0.75,0.2633986928104575,0.21949891067538127,0.2948717948717948,10,9,4,15,18,13,Other Stakeholder Perspective|Lacks Evidence|Other Stakeholder Perspective,Other Stakeholder Perspective|Lacks Evidence|Other Stakeholder Perspective
46:43,46,1,47,43,LLaMA2 Oracle Vanilla 60,1.0,0.30475114440474277,0.2803629563844081,0.2949151349453967,0.3460074233739287,0.3196591984853266,0.39148073022312374,0.75,0.1933936403508772,0.1628578024007387,0.24379217273954118,11,9,4,16,19,13,Other Stakeholder Perspective|Lacks Evidence|Other Stakeholder Perspective,Other Stakeholder Perspective|Lacks Evidence|Other Stakeholder Perspective
46:44,46,1,47,44,LLaMA2 Oracle Vanilla 60,1.0,0.3020229698015682,0.2779263092109189,0.2907238134463829,0.3440337054252107,0.3196591984853266,0.39148073022312374,0.75,0.18818530701754385,0.15847183748845797,0.23738191632928476,11,9,4,16,19,13,Other Stakeholder Perspective|Lacks Evidence|Other Stakeholder Perspective,Other Stakeholder Perspective|Lacks Evidence|Other Stakeholder Perspective
47:42,47,2,48,42,LLaMA2 Oracle Vanilla 60,0.3333333333333333,0.20680195063242274,0.19186876944387674,0.21252227058996398,0.28958161115090736,0.3133047210300429,0.35816618911174786,0.4,0.09027777777777778,0.07738095238095238,0.13541666666666666,8,7,5,18,21,12,Lacks Evidence|Other Stakeholder Perspective|Other Stakeholder Perspective,Vague or Ambiguous Terms|Lacks Evidence|Lacks Evidence
47:43,47,2,48,43,LLaMA2 Oracle Vanilla 60,0.3333333333333333,0.2828964418837572,0.2627782497938617,0.32751928509343764,0.48962262234130943,0.5134281200631912,0.6338983050847458,0.4,0.09910130718954248,0.0849439775910364,0.1653186274509804,11,9,5,18,21,12,Lacks Evidence|Other Stakeholder Perspective|Other Stakeholder Perspective,Vague or Ambiguous Terms|Overgeneralized Statement|Other Stakeholder Perspective
47:44,47,2,48,44,LLaMA2 Oracle Vanilla 60,0.3333333333333333,0.20680195063242274,0.19186876944387674,0.21252227058996398,0.28958161115090736,0.3133047210300429,0.35816618911174786,0.4,0.09027777777777778,0.07738095238095238,0.13541666666666666,8,7,5,18,21,12,Lacks Evidence|Other Stakeholder Perspective|Other Stakeholder Perspective,Vague or Ambiguous Terms|Lacks Evidence|Lacks Evidence
48:42,48,3,49,42,LLaMA2 Oracle Vanilla 60,0.6666666666666666,0.2867985155438018,0.2666204134493473,0.34907566481960944,0.561660066058509,0.5474802879670895,0.7508650519031141,0.4,0.08333333333333333,0.07142857142857142,0.13636363636363635,12,9,5,18,21,11,Vague or Ambiguous Terms|Vague or Ambiguous Terms|Other Stakeholder Perspective,Vague or Ambiguous Terms|Other Stakeholder Perspective|Other Stakeholder Perspective
48:43,48,3,49,43,LLaMA2 Oracle Vanilla 60,0.6666666666666666,0.262988991734278,0.24439819122712506,0.34907566481960944,0.561660066058509,0.5474802879670895,0.7508650519031141,0.2,0.08333333333333333,0.07142857142857142,0.13636363636363635,12,9,5,18,21,11,Vague or Ambiguous Terms|Vague or Ambiguous Terms|Other Stakeholder Perspective,Vague or Ambiguous Terms|Other Stakeholder Perspective|Other Stakeholder Perspective
48:44,48,3,49,44,LLaMA2 Oracle Vanilla 60,0.3333333333333333,0.30193236714975846,0.28074534161490683,0.31340854027861903,0.5017040354330708,0.4565217391304348,0.6692913385826772,0.8,0.08333333333333333,0.07142857142857142,0.125,10,7,5,18,21,12,Vague or Ambiguous Terms|Vague or Ambiguous Terms|Other Stakeholder Perspective,Vague or Ambiguous Terms
49:42,49,4,50,42,LLaMA2 Oracle Vanilla 60,1.0,0.19505732713594834,0.18130252393074245,0.16737356633069567,0.24599025690868975,0.19275549805950842,0.3159609120521173,0.8,0.059139784946236555,0.05069124423963133,0.08870967741935483,8,5,5,18,21,12,Vague or Ambiguous Terms|Other Stakeholder Perspective|Lacks Evidence,Vague or Ambiguous Terms|Lacks Evidence|Other Stakeholder Perspective
49:43,49,4,50,43,LLaMA2 Oracle Vanilla 60,1.0,0.19505732713594834,0.18130252393074245,0.16737356633069567,0.24599025690868975,0.19275549805950842,0.3159609120521173,0.8,0.059139784946236555,0.05069124423963133,0.08870967741935483,8,5,5,18,21,12,Vague or Ambiguous Terms|Other Stakeholder Perspective|Lacks Evidence,Vague or Ambiguous Terms|Lacks Evidence|Other Stakeholder Perspective
49:44,49,4,50,44,LLaMA2 Oracle Vanilla 60,1.0,0.20530028987578158,0.1908626224879201,0.1480973180597573,0.20744932611577552,0.22143579373104147,0.2602739726027397,0.8,0.059139784946236555,0.05069124423963133,0.08870967741935483,7,6,5,18,21,12,Vague or Ambiguous Terms|Other Stakeholder Perspective|Lacks Evidence,Vague or Ambiguous Terms|Lacks Evidence|Other Stakeholder Perspective
50:42,50,5,51,42,LLaMA2 Oracle Vanilla 60,0.6666666666666666,0.11167342558914112,0.10399550980533534,0.1541868434283295,0.24132790677674582,0.25373134328358204,0.3188854489164087,0.0,0.04019607843137255,0.03495311167945439,0.06699346405228758,10,8,5,20,23,12,Other Stakeholder Perspective|Lacks Evidence|Implicit Existence,Lacks Evidence|Vague or Ambiguous Terms|Other Stakeholder Perspective
50:43,50,5,51,43,LLaMA2 Oracle Vanilla 60,0.6666666666666666,0.13356189361557774,0.12426774179909164,0.1674150058058744,0.22613462796774242,0.20863016486871566,0.27839643652561247,0.2,0.0672794117647059,0.05850383631713556,0.10866013071895425,12,9,5,20,23,12,Other Stakeholder Perspective|Lacks Evidence|Implicit Existence,Lacks Evidence|Vague or Ambiguous Terms|Other Stakeholder Perspective
50:44,50,5,51,44,LLaMA2 Oracle Vanilla 60,0.6666666666666666,0.13356189361557774,0.12426774179909164,0.1674150058058744,0.22613462796774242,0.20863016486871566,0.27839643652561247,0.2,0.0672794117647059,0.05850383631713556,0.10866013071895425,12,9,5,20,23,12,Other Stakeholder Perspective|Lacks Evidence|Implicit Existence,Lacks Evidence|Other Stakeholder Perspective|Vague or Ambiguous Terms
51:42,51,6,52,42,LLaMA2 Oracle Vanilla 60,1.0,0.2499847408336163,0.2328742078259119,0.25954447680505593,0.3967843380351399,0.42073505211190343,0.5189309576837418,0.5,0.07674242424242425,0.06673254281949935,0.12222222222222223,11,9,5,20,23,12,Vague or Ambiguous Terms|Other Stakeholder Perspective|Other Stakeholder Perspective,Vague or Ambiguous Terms|Other Stakeholder Perspective|Other Stakeholder Perspective
51:43,51,6,52,43,LLaMA2 Oracle Vanilla 60,0.3333333333333333,0.20695695549553494,0.1929859120856877,0.2621365060279087,0.45143209378856436,0.4021461420541645,0.6199095022624433,0.4,0.03,0.02608695652173913,0.07272727272727274,9,6,5,20,23,11,Vague or Ambiguous Terms|Other Stakeholder Perspective|Other Stakeholder Perspective,Lacks Evidence|Other Stakeholder Perspective|Lacks Evidence
51:44,51,6,52,44,LLaMA2 Oracle Vanilla 60,0.3333333333333333,0.26435096664542174,0.24629717800388679,0.2807226899233337,0.4432922240104912,0.4646271510516252,0.5879828326180258,0.5,0.07424242424242425,0.06455862977602109,0.11805555555555554,10,8,5,20,23,12,Vague or Ambiguous Terms|Other Stakeholder Perspective|Other Stakeholder Perspective,Lacks Evidence|Lacks Evidence|Other Stakeholder Perspective
52:42,52,7,53,42,LLaMA2 Oracle Vanilla 60,0.6666666666666666,0.06546237984753066,0.06109822119102862,0.06344815277529894,0.12685823665893273,0.18329466357308585,0.18329466357308585,0.0,0.0,0.0,0.0,8,8,4,17,20,11,Other Stakeholder Perspective|Lacks Evidence|Vague or Ambiguous Terms,Vague or Ambiguous Terms|Lacks Evidence|Implicit Existence
52:43,52,7,53,43,LLaMA2 Oracle Vanilla 60,1.0,0.1095140381734089,0.10216408268733851,0.10762319076272565,0.21063908033826642,0.3023255813953489,0.3023255813953489,0.0,0.0029411764705882353,0.0025,0.004545454545454546,5,5,4,17,20,11,Other Stakeholder Perspective|Lacks Evidence|Vague or Ambiguous Terms,Vague or Ambiguous Terms|Other Stakeholder Perspective|Lacks Evidence
52:44,52,7,53,44,LLaMA2 Oracle Vanilla 60,0.6666666666666666,0.2227693393915428,0.20638052284325298,0.23179434534286894,0.31807434761297154,0.3217850851438638,0.3948655256723716,0.5,0.0922516353312201,0.07841389003153709,0.14546254399195577,11,9,4,17,20,12,Other Stakeholder Perspective|Lacks Evidence|Vague or Ambiguous Terms,Vague or Ambiguous Terms|Lacks Evidence|Implicit Existence
53:42,53,8,54,42,LLaMA2 Oracle Vanilla 60,0.6666666666666666,0.17073782844514385,0.15837491439193818,0.14943102611092837,0.21548906027285686,0.2251247431758145,0.274282223579719,0.5,0.058823529411764705,0.05,0.08333333333333333,11,9,4,17,20,12,Vague or Ambiguous Terms|Other Stakeholder Perspective|Overgeneralized Statement,Vague or Ambiguous Terms|Lacks Evidence|Other Stakeholder Perspective
53:43,53,8,54,43,LLaMA2 Oracle Vanilla 60,0.3333333333333333,0.24092467488949532,0.22384883111390083,0.23060834348960269,0.3815504705142257,0.41867293012331175,0.5158924205378973,0.5,0.06085192697768763,0.05172413793103449,0.07957559681697614,11,9,4,17,20,13,Vague or Ambiguous Terms|Other Stakeholder Perspective|Overgeneralized Statement,Vague or Ambiguous Terms
53:44,53,8,54,44,LLaMA2 Oracle Vanilla 60,0.6666666666666666,0.17073782844514385,0.15837491439193818,0.1662725179524202,0.22341981784861442,0.2251247431758145,0.274282223579719,0.5,0.058823529411764705,0.05,0.10909090909090909,11,9,4,17,20,11,Vague or Ambiguous Terms|Other Stakeholder Perspective|Overgeneralized Statement,Vague or Ambiguous Terms|Lacks Evidence|Other Stakeholder Perspective
54:42,54,9,55,42,LLaMA2 Oracle Vanilla 60,0.6666666666666666,0.20218815870940515,0.1876589295483248,0.2663033229849373,0.23928953064275035,0.1671388101983003,0.2152466367713004,0.4,0.18112820512820513,0.15750278706800447,0.29333333333333333,9,7,5,20,23,12,Lacks Evidence|Other Stakeholder Perspective|Lacks Evidence,Vague or Ambiguous Terms|Other Stakeholder Perspective|Lacks Evidence
54:43,54,9,55,43,LLaMA2 Oracle Vanilla 60,0.3333333333333333,0.18208829007965074,0.16924360336887334,0.20971720300579358,0.30826413124533936,0.2950323974082073,0.3959731543624161,0.4,0.05555555555555555,0.047619047619047616,0.1111111111111111,12,9,5,18,21,9,Lacks Evidence|Other Stakeholder Perspective|Lacks Evidence,Vague or Ambiguous Terms|Lacks Evidence
54:44,54,9,55,44,LLaMA2 Oracle Vanilla 60,0.3333333333333333,0.1574924966737832,0.14651452799600945,0.1890273067999286,0.25801319721577726,0.2304526748971193,0.3194122196442382,0.4,0.05263157894736842,0.045454545454545456,0.12,11,8,5,19,22,10,Lacks Evidence|Other Stakeholder Perspective|Lacks Evidence,Vague or Ambiguous Terms|Lacks Evidence
55:42,55,0,56,42,LLaMA2 Oracle Vanilla 60,0.6666666666666666,0.2895188857135709,0.26933758565437954,0.2879063173989824,0.40853242347505797,0.41867293012331175,0.5158924205378973,0.75,0.09680451127819549,0.0836038961038961,0.1672077922077922,11,9,4,19,22,11,Other Stakeholder Perspective|Other Stakeholder Perspective|Other Stakeholder Perspective,Vague or Ambiguous Terms|Other Stakeholder Perspective|Other Stakeholder Perspective
55:43,55,0,56,43,LLaMA2 Oracle Vanilla 60,0.3333333333333333,0.2567308020353829,0.23871993974077435,0.2383322975716548,0.3233397505266714,0.3243761996161228,0.39899833055091816,0.75,0.09850230414746543,0.08507017176372014,0.1532738095238095,11,9,4,19,22,12,Other Stakeholder Perspective|Other Stakeholder Perspective|Other Stakeholder Perspective,Vague or Ambiguous Terms|Implicit Existence|Other Stakeholder Perspective
55:44,55,0,56,44,LLaMA2 Oracle Vanilla 60,0.3333333333333333,0.3278624969231795,0.30538614406234743,0.32255490973777196,0.4857405455806083,0.5114451656986675,0.6309794988610479,0.75,0.10675215387697856,0.09282795989302484,0.15927130373133175,11,9,4,20,23,13,Other Stakeholder Perspective|Other Stakeholder Perspective|Other Stakeholder Perspective,Vague or Ambiguous Terms|Vague or Ambiguous Terms|Other Stakeholder Perspective
56:42,56,1,57,42,LLaMA2 Oracle Vanilla 60,0.3333333333333333,0.18727869107886777,0.17400463719625914,0.1759922135212132,0.23257859861408056,0.2304526748971193,0.28294177732379977,0.5,0.08676885917525717,0.07493674201499484,0.11937185621396147,11,9,4,19,22,13,Other Stakeholder Perspective|Other Stakeholder Perspective|Other Stakeholder Perspective,Vague or Ambiguous Terms|Lacks Evidence|Other Stakeholder Perspective
56:43,56,1,57,43,LLaMA2 Oracle Vanilla 60,0.6666666666666666,0.25425057709741894,0.23651606329936434,0.27450860400126903,0.4022233614259959,0.41867293012331175,0.5158924205378973,0.5,0.08629228573826912,0.07452515586486878,0.14671717171717172,11,9,4,19,22,12,Other Stakeholder Perspective|Other Stakeholder Perspective|Other Stakeholder Perspective,Vague or Ambiguous Terms|Other Stakeholder Perspective|Other Stakeholder Perspective
56:44,56,1,57,44,LLaMA2 Oracle Vanilla 60,0.0,0.3021392762194708,0.2812266463171246,0.31381997692297564,0.4831715375396731,0.5134281200631912,0.6338983050847458,0.625,0.08470126364863206,0.07315109133290952,0.14436674436674438,11,9,4,19,22,12,Other Stakeholder Perspective|Other Stakeholder Perspective|Other Stakeholder Perspective,Lacks Evidence|Lacks Evidence|Lacks Evidence
57:42,57,2,58,42,LLaMA2 Oracle Vanilla 60,0.3333333333333333,0.23323611396472904,0.21766185712675476,0.1590229118779268,0.3135670766753935,0.39899833055091816,0.45111492281303606,0.75,0.002770083102493075,0.0023923444976076554,0.0043859649122807015,9,8,4,19,22,12,Vague or Ambiguous Terms|Vague or Ambiguous Terms|Other Stakeholder Perspective,Vague or Ambiguous Terms
57:43,57,2,58,43,LLaMA2 Oracle Vanilla 60,0.3333333333333333,0.07037285610173198,0.06564420249992525,0.0932232871670507,0.181608822179983,0.19275549805950842,0.26027397260273977,0.0,0.0029239766081871343,0.002506265664160401,0.004784688995215311,8,6,4,18,21,11,Vague or Ambiguous Terms|Vague or Ambiguous Terms|Other Stakeholder Perspective,Vague or Ambiguous Terms|Lacks Evidence
57:44,57,2,58,44,LLaMA2 Oracle Vanilla 60,0.3333333333333333,0.3301979759735992,0.3075216364690049,0.33561522613693523,0.5389446386937439,0.5675675675675675,0.7199124726477024,0.75,0.0729455216989843,0.06299840510366826,0.13216374269005848,10,8,4,19,22,12,Vague or Ambiguous Terms|Vague or Ambiguous Terms|Other Stakeholder Perspective,Vague or Ambiguous Terms|Lacks Evidence|Implicit Existence
58:42,58,3,59,42,LLaMA2 Oracle Vanilla 60,0.3333333333333333,0.13375346678463773,0.12436037852280474,0.13736593199502228,0.14835164223304537,0.12070018318746183,0.1581291759465479,0.4,0.08214285714285714,0.07142857142857142,0.12637362637362637,12,9,5,20,23,13,Vague or Ambiguous Terms|Implicit Existence|Vague or Ambiguous Terms,Vague or Ambiguous Terms|Lacks Evidence|Other Stakeholder Perspective
58:43,58,3,59,43,LLaMA2 Oracle Vanilla 60,0.0,0.19795115180440198,0.18426282833034424,0.2241794562266713,0.31649804169733664,0.29656014654996943,0.3986636971046771,0.4,0.08479755352433371,0.07373700306463801,0.13180544635007999,12,9,5,20,23,12,Vague or Ambiguous Terms|Implicit Existence|Vague or Ambiguous Terms,Lacks Evidence|Other Stakeholder Perspective|Other Stakeholder Perspective
58:44,58,3,59,44,LLaMA2 Oracle Vanilla 60,0.3333333333333333,0.2378639545788817,0.22154486932257794,0.25580730163286136,0.391110392874642,0.415929203539823,0.5115332428765265,0.4,0.07960672905525848,0.0692232426567465,0.12042297979797979,11,9,5,20,23,12,Vague or Ambiguous Terms|Implicit Existence|Vague or Ambiguous Terms,Vague or Ambiguous Terms|Other Stakeholder Perspective|Lacks Evidence
59:42,59,4,60,42,LLaMA2 Oracle Vanilla 60,1.0,0.18677204902384553,0.17429340517587905,0.18520249933807845,0.3617762635401904,0.3827534039334342,0.5189309576837418,0.4,0.0046875,0.004076086956521739,0.008522727272727272,12,9,5,20,23,11,Other Stakeholder Perspective|Lacks Evidence|Vague or Ambiguous Terms,Vague or Ambiguous Terms|Other Stakeholder Perspective|Lacks Evidence
59:43,59,4,60,43,LLaMA2 Oracle Vanilla 60,1.0,0.10777707110209102,0.10056407510403366,0.14382762937562507,0.27883694636334805,0.2947277441659464,0.39899833055091816,0.0,0.004805491990846682,0.004178688687692766,0.008737258165175786,12,9,5,20,23,11,Other Stakeholder Perspective|Lacks Evidence|Vague or Ambiguous Terms,Vague or Ambiguous Terms|Other Stakeholder Perspective|Lacks Evidence
59:44,59,4,60,44,LLaMA2 Oracle Vanilla 60,1.0,0.24020650582832548,0.22343007134376966,0.2581700254306045,0.39613710079790265,0.38449012823122325,0.5189309576837418,0.6,0.060060060060060066,0.051480051480051484,0.12012012012012013,12,9,5,18,21,9,Other Stakeholder Perspective|Lacks Evidence|Vague or Ambiguous Terms,Vague or Ambiguous Terms|Lacks Evidence|Other Stakeholder Perspective
