unit_id,sample_id,argument_index,argument_id,seed,model_label,match_rate,rq3_three_component,full_schema_three_component,two_component_rq3,legacy_static,cat16_gwet_ac1,cat9_gwet_ac1,multi_jaccard,span21_jaccard,span24_jaccard,span17_jaccard,cat16_valid_n,cat9_valid_n,multi_valid_n,span21_valid_n,span24_valid_n,span17_valid_n,human_focus,llm_focus
0:42,0,0,1,42,LLaMA2 Oracle Vanilla 60,0.3333333333333333,0.2325301244840845,0.2145040806429979,0.2082164903772944,0.29214017207248366,0.28294177732379977,0.3668341708542714,0.75,0.09555555555555556,0.07962962962962963,0.12424242424242425,9,7,4,15,18,11,Vague or Ambiguous Terms|Other Stakeholder Perspective|Overgeneralized Statement,Vague or Ambiguous Terms|Lacks Evidence|Lacks Evidence
0:43,0,0,1,43,LLaMA2 Oracle Vanilla 60,0.3333333333333333,0.26667646594749916,0.2448071109460282,0.255768937929742,0.31453289934521095,0.28294177732379977,0.3668341708542714,0.75,0.16222222222222224,0.13518518518518519,0.196969696969697,9,7,4,15,18,11,Vague or Ambiguous Terms|Other Stakeholder Perspective|Overgeneralized Statement,Vague or Ambiguous Terms|Lacks Evidence|Lacks Evidence
0:44,0,0,1,44,LLaMA2 Oracle Vanilla 60,0.6666666666666666,0.25033830050867356,0.23196146662231662,0.23771593703100552,0.35112136571191366,0.3582887700534759,0.4520547945205479,0.75,0.07291666666666667,0.06140350877192983,0.12424242424242425,10,8,4,16,19,11,Vague or Ambiguous Terms|Other Stakeholder Perspective|Overgeneralized Statement,Vague or Ambiguous Terms|Lacks Evidence|Other Stakeholder Perspective
1:42,1,1,2,42,LLaMA2 Oracle Vanilla 60,0.3333333333333333,0.19340346836944766,0.1789913780572705,0.18881468810714094,0.30996405036438057,0.3133047210300429,0.41778975741239893,0.5,0.043650793650793655,0.03594771241830066,0.06759259259259259,8,6,4,14,17,12,Lacks Evidence|Other Stakeholder Perspective|Questionable Cause-Effect Relationship,Vague or Ambiguous Terms|Vague or Ambiguous Terms|Lacks Evidence
1:43,1,1,2,43,LLaMA2 Oracle Vanilla 60,0.3333333333333333,0.20980895567469607,0.1934984520123839,0.20328634412344818,0.323167383107089,0.3188854489164087,0.42986425339366513,0.5,0.07142857142857142,0.058823529411764705,0.08333333333333333,8,6,4,14,17,12,Lacks Evidence|Other Stakeholder Perspective|Questionable Cause-Effect Relationship,Vague or Ambiguous Terms|Lacks Evidence|Lacks Evidence
1:44,1,1,2,44,LLaMA2 Oracle Vanilla 60,0.0,0.3878364786461221,0.3556238516055648,0.4079223102478916,0.6157198671096346,0.5842155919153031,0.8006644518272426,0.75,0.16923076923076924,0.1375,0.2,8,6,4,13,16,11,Lacks Evidence|Other Stakeholder Perspective|Questionable Cause-Effect Relationship,Vague or Ambiguous Terms
2:42,2,2,3,42,LLaMA2 Oracle Vanilla 60,0.6666666666666666,0.18458895854681145,0.17183944913540297,0.13069609410689814,0.25563536146642307,0.27919911012235815,0.3668341708542714,0.75,0.004807692307692308,0.00390625,0.005681818181818182,9,7,4,13,16,11,Lacks Evidence|Vague or Ambiguous Terms|Other Stakeholder Perspective,Vague or Ambiguous Terms|Other Stakeholder Perspective|Other Stakeholder Perspective
2:43,2,2,3,43,LLaMA2 Oracle Vanilla 60,0.6666666666666666,0.21878800663731418,0.20370674394700777,0.20075520409822734,0.3775406368921776,0.3668341708542714,0.5348837209302325,0.75,0.004807692307692308,0.00390625,0.023863636363636365,7,5,4,13,16,11,Lacks Evidence|Vague or Ambiguous Terms|Other Stakeholder Perspective,Vague or Ambiguous Terms|Other Stakeholder Perspective
2:44,2,2,3,44,LLaMA2 Oracle Vanilla 60,0.6666666666666666,0.21878800663731418,0.20370674394700777,0.20075520409822734,0.3775406368921776,0.3668341708542714,0.5348837209302325,0.75,0.004807692307692308,0.00390625,0.023863636363636365,7,5,4,13,16,11,Lacks Evidence|Vague or Ambiguous Terms|Other Stakeholder Perspective,Vague or Ambiguous Terms|Other Stakeholder Perspective|Other Stakeholder Perspective
3:42,3,3,4,42,LLaMA2 Oracle Vanilla 60,0.6666666666666666,0.3064190766853349,0.28370770446492954,0.28756307176371554,0.44651340005666723,0.4646271510516252,0.5879828326180258,0.75,0.10138798701298701,0.08537935748462064,0.128517316017316,10,8,4,16,19,12,Vague or Ambiguous Terms|Other Stakeholder Perspective|Other Stakeholder Perspective,Other Stakeholder Perspective|Other Stakeholder Perspective|Other Stakeholder Perspective
3:43,3,3,4,43,LLaMA2 Oracle Vanilla 60,0.3333333333333333,0.28456219643820835,0.26264631922739684,0.25636877498313226,0.3318332338366621,0.3577981651376147,0.39899833055091816,0.75,0.14010854341736695,0.11798614182515112,0.180859010270775,10,9,4,16,19,12,Vague or Ambiguous Terms|Other Stakeholder Perspective|Other Stakeholder Perspective,Lacks Evidence|Other Stakeholder Perspective|Temporal Contrast
3:44,3,3,4,44,LLaMA2 Oracle Vanilla 60,0.0,0.3255727164719575,0.3015557839621939,0.3037781804415053,0.47870508798073963,0.5137353962740764,0.6343940419769803,0.75,0.10136738261738262,0.085362006414638,0.12874625374625373,11,9,4,16,19,12,Vague or Ambiguous Terms|Other Stakeholder Perspective|Other Stakeholder Perspective,Lacks Evidence|Temporal Contrast|Temporal Contrast
4:42,4,4,5,42,LLaMA2 Oracle Vanilla 60,0.0,0.32982589929924366,0.3031551876778093,0.2927610185032262,0.446967918856889,0.46214315266859746,0.5842155919153031,0.75,0.1489795918367347,0.12268907563025208,0.13846153846153847,10,8,4,14,17,13,Other Stakeholder Perspective|Other Stakeholder Perspective|Lacks Evidence,Vague or Ambiguous Terms
4:43,4,4,5,43,LLaMA2 Oracle Vanilla 60,0.0,0.28643844998232587,0.2627945051538402,0.287606699322002,0.40678436119445915,0.41666666666666663,0.5128552097428958,0.5,0.14653856107660454,0.12067881500426256,0.1683574879227053,11,9,4,14,17,12,Other Stakeholder Perspective|Other Stakeholder Perspective|Lacks Evidence,Vague or Ambiguous Terms|Overgeneralized Statement|Overgeneralized Statement
4:44,4,4,5,44,LLaMA2 Oracle Vanilla 60,0.6666666666666666,0.2906820071014066,0.26876316327428823,0.27583151129662753,0.4867215977605513,0.5842155919153031,0.6744186046511628,0.25,0.07478632478632477,0.061588738059326284,0.06481481481481481,8,7,4,14,17,12,Other Stakeholder Perspective|Other Stakeholder Perspective|Lacks Evidence,Lacks Evidence|Overgeneralized Statement|Other Stakeholder Perspective
5:42,5,0,6,42,LLaMA2 Oracle Vanilla 60,0.6666666666666666,0.17490153049232493,0.16163899539265308,0.17787601062904707,0.22911838656080763,0.22535211267605632,0.2747252747252747,0.5,0.07453947368421052,0.06277008310249306,0.12660287081339713,11,9,4,16,19,11,Other Stakeholder Perspective|Implicit Existence|Lacks Evidence,Other Stakeholder Perspective|Lacks Evidence|Lacks Evidence
5:43,5,0,6,43,LLaMA2 Oracle Vanilla 60,0.6666666666666666,0.13994877555050855,0.12901187455204077,0.13094174588949484,0.14582192673145597,0.13157894736842105,0.1590656284760845,0.5,0.07774460188933874,0.06546913843312736,0.11605263157894737,11,9,4,16,19,12,Other Stakeholder Perspective|Implicit Existence|Lacks Evidence,Lacks Evidence|Lacks Evidence|Other Stakeholder Perspective
5:44,5,0,6,44,LLaMA2 Oracle Vanilla 60,0.6666666666666666,0.27842312424568566,0.25711632471852564,0.2887074082116425,0.4087530022347683,0.4185022026431718,0.5155963302752293,0.5,0.12949108818011257,0.10904512688851585,0.16858974358974357,11,9,4,16,19,12,Other Stakeholder Perspective|Implicit Existence|Lacks Evidence,Lacks Evidence|Lacks Evidence|Other Stakeholder Perspective
6:42,6,1,7,42,LLaMA2 Oracle Vanilla 60,0.6666666666666666,0.12926083389274262,0.11777379842679356,0.13587891296869625,0.16063185414516684,0.1437308868501529,0.1826625386996904,0.25,0.09523809523809523,0.0784313725490196,0.1111111111111111,10,8,4,14,17,12,Temporal Contrast|Vague or Ambiguous Terms|Other Stakeholder Perspective,Vague or Ambiguous Terms|Other Stakeholder Perspective|Vague or Ambiguous Terms
6:43,6,1,7,43,LLaMA2 Oracle Vanilla 60,0.3333333333333333,0.23306233062330622,0.2131610219845514,0.19553556260008026,0.2371999577087543,0.22222222222222218,0.274282223579719,0.75,0.14285714285714285,0.11764705882352941,0.15384615384615385,11,9,4,14,17,13,Temporal Contrast|Vague or Ambiguous Terms|Other Stakeholder Perspective,Vague or Ambiguous Terms
6:44,6,1,7,44,LLaMA2 Oracle Vanilla 60,0.3333333333333333,0.19956096087689962,0.1817146539569124,0.20996663154197404,0.23658394977168956,0.18816067653276955,0.26027397260273977,0.5,0.1510204081632653,0.12436974789915967,0.18333333333333335,8,6,4,14,17,12,Temporal Contrast|Vague or Ambiguous Terms|Other Stakeholder Perspective,Vague or Ambiguous Terms|Lacks Evidence|Bias and Subjectivity
7:42,7,2,8,42,LLaMA2 Oracle Vanilla 60,0.6666666666666666,0.2751432317343296,0.2553048131292661,0.2452147774644556,0.3842384302032193,0.4137341988384011,0.5079726651480638,0.75,0.07910120569967118,0.0672360248447205,0.10610766045548654,11,9,4,17,20,12,Lacks Evidence|Vague or Ambiguous Terms|Lacks Evidence,Other Stakeholder Perspective|Vague or Ambiguous Terms|Lacks Evidence
7:43,7,2,8,43,LLaMA2 Oracle Vanilla 60,0.3333333333333333,0.2889452163506739,0.2682114716880986,0.24873493432125543,0.38589609277389136,0.4137341988384011,0.5079726651480638,0.75,0.1060479375696767,0.09089823220258003,0.11149142976588629,11,9,4,18,21,16,Lacks Evidence|Vague or Ambiguous Terms|Lacks Evidence,Lacks Evidence
7:44,7,2,8,44,LLaMA2 Oracle Vanilla 60,0.3333333333333333,0.2012698532558081,0.18650603782182726,0.15831814786850296,0.2222755539325339,0.22807017543859645,0.27919911012235815,0.75,0.07633053221288515,0.06488095238095237,0.09432234432234433,11,9,4,17,20,13,Lacks Evidence|Vague or Ambiguous Terms|Lacks Evidence,Lacks Evidence
8:42,8,3,9,42,LLaMA2 Oracle Vanilla 60,0.3333333333333333,0.17253904874689954,0.15955159295262072,0.23724146280445735,0.35040065241581986,0.3243761996161228,0.45111492281303606,0.0,0.08971818117928175,0.07626045400238948,0.12401433691756274,11,8,4,17,20,12,Other Stakeholder Perspective|Other Stakeholder Perspective|Lacks Evidence,Vague or Ambiguous Terms|Lacks Evidence|Lacks Evidence
8:43,8,3,9,43,LLaMA2 Oracle Vanilla 60,0.3333333333333333,0.15721289661138144,0.14507577863154242,0.1826015178731241,0.2308745376374567,0.20387007601935037,0.2738386308068459,0.25,0.10399083546462062,0.08839221014492753,0.13429951690821254,12,9,4,17,20,12,Other Stakeholder Perspective|Other Stakeholder Perspective|Lacks Evidence,Lacks Evidence|Questionable Cause-Effect Relationship|Temporal Contrast
8:44,8,3,9,44,LLaMA2 Oracle Vanilla 60,0.3333333333333333,0.14463010102459048,0.13371215361450542,0.16664177859439191,0.22598297383102892,0.2063972336287011,0.27879799666110183,0.25,0.07749897161661867,0.06587412587412586,0.10726495726495726,12,9,4,17,20,12,Other Stakeholder Perspective|Other Stakeholder Perspective|Lacks Evidence,Lacks Evidence|Lacks Evidence|Temporal Contrast
9:42,9,4,10,42,LLaMA2 Oracle Vanilla 60,0.3333333333333333,0.171962482248182,0.15772755175513561,0.17504852322106526,0.18441717944941005,0.17068889863975426,0.19275549805950842,0.5,0.11044949494949495,0.09204124579124578,0.16567424242424242,9,8,4,15,18,10,Lacks Evidence|Vague or Ambiguous Terms|Other Stakeholder Perspective,Vague or Ambiguous Terms
9:43,9,4,10,43,LLaMA2 Oracle Vanilla 60,1.0,0.16740963671972672,0.15368714771473158,0.16633057450311656,0.1803118461160767,0.17068889863975426,0.19275549805950842,0.5,0.10156060606060606,0.08463383838383838,0.15234090909090908,9,8,4,15,18,10,Lacks Evidence|Vague or Ambiguous Terms|Other Stakeholder Perspective,Vague or Ambiguous Terms|Other Stakeholder Perspective|Lacks Evidence
9:44,9,4,10,44,LLaMA2 Oracle Vanilla 60,0.3333333333333333,0.16462918423722256,0.1528148438721173,0.13281652037531413,0.2312644959432982,0.25373134328358204,0.3188854489164087,0.5,0.032861669580419584,0.027672984909827017,0.03430944055944056,10,8,4,16,19,14,Lacks Evidence|Vague or Ambiguous Terms|Other Stakeholder Perspective,Lacks Evidence
10:42,10,0,11,42,LLaMA2 Oracle Vanilla 60,0.3333333333333333,0.11424573468785884,0.10645625277732301,0.09781455131480682,0.19557041389882476,0.23025469513763824,0.2825753704649975,0.25,0.0,0.0,0.0,11,9,4,16,19,12,Vague or Ambiguous Terms|Other Stakeholder Perspective|Other Stakeholder Perspective,Lacks Evidence|Lacks Evidence|Other Stakeholder Perspective
10:43,10,0,11,43,LLaMA2 Oracle Vanilla 60,1.0,0.16043667518828164,0.1494978109708988,0.12883753018282162,0.2575977578475336,0.28611898016997167,0.37219730941704027,0.5,0.0,0.0,0.0,9,7,4,16,19,12,Vague or Ambiguous Terms|Other Stakeholder Perspective|Other Stakeholder Perspective,Other Stakeholder Perspective|Vague or Ambiguous Terms|Other Stakeholder Perspective
10:44,10,0,11,44,LLaMA2 Oracle Vanilla 60,0.0,0.31889859024830103,0.2971555045495532,0.21942633637548892,0.43872101694915255,0.5671776375112714,0.6338983050847458,1.0,0.0,0.0,0.0,10,9,4,16,19,12,Vague or Ambiguous Terms|Other Stakeholder Perspective|Other Stakeholder Perspective,Lacks Evidence|Lacks Evidence|Lacks Evidence
11:42,11,1,12,42,LLaMA2 Oracle Vanilla 60,0.6666666666666666,0.24861489800971778,0.23159558866502944,0.18027432766238735,0.3555414711203342,0.3805024199124223,0.5115332428765265,1.0,0.005008195228555818,0.0042569659442724455,0.004901960784313725,12,9,4,17,20,12,Other Stakeholder Perspective|Other Stakeholder Perspective|Implicit Existence,Lacks Evidence|Other Stakeholder Perspective|Other Stakeholder Perspective
11:43,11,1,12,43,LLaMA2 Oracle Vanilla 60,0.3333333333333333,0.1232093587904205,0.11475524475524475,0.07126797078856349,0.12199266797414103,0.12307692307692306,0.16713881019830024,0.75,0.00392156862745098,0.003333333333333333,0.020512820512820513,12,9,4,17,20,13,Other Stakeholder Perspective|Other Stakeholder Perspective|Implicit Existence,Vague or Ambiguous Terms|Other Stakeholder Perspective|Vague or Ambiguous Terms
11:44,11,1,12,44,LLaMA2 Oracle Vanilla 60,0.3333333333333333,0.16762129747879953,0.1558455657943805,0.12707895296982158,0.2071401434163461,0.20863016486871566,0.27839643652561247,0.75,0.025447169463396646,0.02163009404388715,0.046969696969696974,12,9,4,17,20,12,Other Stakeholder Perspective|Other Stakeholder Perspective|Implicit Existence,Vague or Ambiguous Terms|Vague or Ambiguous Terms|Other Stakeholder Perspective
12:42,12,2,13,42,LLaMA2 Oracle Vanilla 60,0.6666666666666666,0.18795747900117624,0.17484758354739235,0.1895367067972859,0.3638172673280692,0.4646271510516252,0.5189309576837418,0.0,0.01296296296296296,0.010802469135802469,0.01515151515151515,10,9,4,15,18,11,Vague or Ambiguous Terms|Other Stakeholder Perspective|Other Stakeholder Perspective,Vague or Ambiguous Terms|Lacks Evidence|Other Stakeholder Perspective
12:43,12,2,13,43,LLaMA2 Oracle Vanilla 60,0.6666666666666666,0.20820069893349272,0.1937526714809566,0.21442995488059866,0.4120745851216023,0.5189309576837418,0.5879828326180258,0.0,0.01111111111111111,0.009259259259259259,0.016666666666666666,9,8,4,15,18,10,Vague or Ambiguous Terms|Other Stakeholder Perspective|Other Stakeholder Perspective,Vague or Ambiguous Terms|Other Stakeholder Perspective|Vague or Ambiguous Terms
12:44,12,2,13,44,LLaMA2 Oracle Vanilla 60,0.3333333333333333,0.13778348309798888,0.12838915470494416,0.1097227688885086,0.19939170411568408,0.22807017543859645,0.27919911012235815,0.5,0.0,0.0,0.02,11,9,4,15,18,10,Vague or Ambiguous Terms|Other Stakeholder Perspective|Other Stakeholder Perspective,Vague or Ambiguous Terms|Temporal Contrast|Vague or Ambiguous Terms
13:42,13,3,14,42,LLaMA2 Oracle Vanilla 60,0.3333333333333333,0.16882974054406438,0.1543576122919488,0.1856346938091327,0.1758486305899566,0.13662790697674415,0.16713881019830024,0.5,0.13028442146089206,0.10857035121741004,0.1954266321913381,11,9,4,15,18,10,Lacks Evidence|Lacks Evidence|Lacks Evidence,Vague or Ambiguous Terms|Lacks Evidence|Other Stakeholder Perspective
13:43,13,3,14,43,LLaMA2 Oracle Vanilla 60,0.6666666666666666,0.20378291126754677,0.18757371829115604,0.19843770702493574,0.24095586356384513,0.22785851384699748,0.27879799666110183,0.5,0.12901729240083132,0.1086461409691211,0.15589402427637722,11,9,4,16,19,12,Lacks Evidence|Lacks Evidence|Lacks Evidence,Vague or Ambiguous Terms|Lacks Evidence|Lacks Evidence
13:44,13,3,14,44,LLaMA2 Oracle Vanilla 60,0.6666666666666666,0.12758218992005663,0.11795527260130632,0.09563025492221966,0.13127762398840476,0.13403653202984306,0.16300459887583035,0.5,0.05172787020213491,0.04356031174916624,0.05996148459383754,11,9,4,16,19,12,Lacks Evidence|Lacks Evidence|Lacks Evidence,Vague or Ambiguous Terms|Lacks Evidence|Lacks Evidence
14:42,14,4,15,42,LLaMA2 Oracle Vanilla 60,1.0,0.3801728800707696,0.3504035170356414,0.4129378482270115,0.6334356260527794,0.626943005181347,0.8296836982968369,0.5,0.16933333333333334,0.1411111111111111,0.19230769230769232,9,7,4,15,18,13,Lacks Evidence|Vague or Ambiguous Terms|Other Stakeholder Perspective,Vague or Ambiguous Terms|Other Stakeholder Perspective|Lacks Evidence
14:43,14,4,15,43,LLaMA2 Oracle Vanilla 60,0.6666666666666666,0.4120662062567787,0.3788055072023374,0.42494897812275684,0.6390917377743911,0.626943005181347,0.8296836982968369,0.75,0.18398220826792253,0.15151475975005388,0.2106776556776557,9,7,4,14,17,12,Lacks Evidence|Vague or Ambiguous Terms|Other Stakeholder Perspective,Vague or Ambiguous Terms|Other Stakeholder Perspective|Other Stakeholder Perspective
14:44,14,4,15,44,LLaMA2 Oracle Vanilla 60,1.0,0.44224058665004246,0.4057366705272998,0.4435360927938661,0.6710914145814065,0.7012222725215029,0.8736208625877633,0.75,0.1863003663003663,0.15136904761904763,0.21584415584415584,11,9,4,13,16,11,Lacks Evidence|Vague or Ambiguous Terms|Other Stakeholder Perspective,Vague or Ambiguous Terms|Lacks Evidence|Other Stakeholder Perspective
15:42,15,0,16,42,LLaMA2 Oracle Vanilla 60,0.3333333333333333,0.34964674548663527,0.32287583179423784,0.2937213646081479,0.47002697450813014,0.5089285714285713,0.626943005181347,1.0,0.10441235343309076,0.0859866440037218,0.11730990783410138,11,9,4,14,17,12,Other Stakeholder Perspective|Vague or Ambiguous Terms|Other Stakeholder Perspective,Vague or Ambiguous Terms|Vague or Ambiguous Terms|Lacks Evidence
15:43,15,0,16,43,LLaMA2 Oracle Vanilla 60,0.3333333333333333,0.35999861419068735,0.3319544760052781,0.306975650644692,0.4762684957691272,0.5089285714285713,0.626943005181347,1.0,0.12462314471243043,0.10263082505729565,0.13758116883116883,11,9,4,14,17,12,Other Stakeholder Perspective|Vague or Ambiguous Terms|Other Stakeholder Perspective,Vague or Ambiguous Terms|Lacks Evidence|Lacks Evidence
15:44,15,0,16,44,LLaMA2 Oracle Vanilla 60,0.6666666666666666,0.373500114899435,0.3449229635613535,0.2964457235825069,0.4713098911747968,0.5616438356164383,0.626943005181347,1.0,0.11081920671494404,0.09126287611818922,0.12147657450076806,10,9,4,14,17,12,Other Stakeholder Perspective|Vague or Ambiguous Terms|Other Stakeholder Perspective,Vague or Ambiguous Terms|Lacks Evidence|Other Stakeholder Perspective
16:42,16,1,17,42,LLaMA2 Oracle Vanilla 60,0.3333333333333333,-0.009676243382876364,-0.009328511463236325,-0.010009636091823,-0.03583677990685522,-0.04761904761904763,-0.05882352941176471,0.0,0.017389465866991957,0.01464376073009849,0.015833013312852022,11,9,4,16,19,12,Vague or Ambiguous Terms|Lacks Evidence|Overgeneralized Statement,Lacks Evidence|Implicit Existence
16:43,16,1,17,43,LLaMA2 Oracle Vanilla 60,0.3333333333333333,-0.012021704826698582,-0.011376728110599083,-0.010805971080930942,-0.03621177873754961,-0.04761904761904763,-0.05882352941176471,0.0,0.01281023161952953,0.010888696876600101,0.014615089211863405,11,9,4,17,20,13,Vague or Ambiguous Terms|Lacks Evidence|Overgeneralized Statement,Lacks Evidence|Lacks Evidence|Lacks Evidence
16:44,16,1,17,44,LLaMA2 Oracle Vanilla 60,0.3333333333333333,-0.018681278850709065,-0.017604743329784386,-0.021464119265763186,-0.0508071275330852,-0.062295081967213124,-0.07692307692307693,0.0,0.010989946599825632,0.009254691873537375,0.007896505376344086,9,7,4,16,19,12,Vague or Ambiguous Terms|Lacks Evidence|Overgeneralized Statement,Lacks Evidence|Lacks Evidence|Lacks Evidence
17:42,17,2,18,42,LLaMA2 Oracle Vanilla 60,0.0,0.25880605457303724,0.24035078134682342,0.21674007479169155,0.3732383447858199,0.4164824755288917,0.5125253893026406,0.75,0.045110887096774195,0.037988115449915115,0.060147849462365593,11,9,4,16,19,12,Implicit Existence|Overgeneralized Statement|Implicit Existence,Vague or Ambiguous Terms|Lacks Evidence|Lacks Evidence
17:43,17,2,18,43,LLaMA2 Oracle Vanilla 60,0.0,0.1791541349581939,0.16558923314618523,0.22908633047951932,0.3486732562987981,0.3603411513859275,0.4551083591331269,0.0,0.07523148148148148,0.06335282651072124,0.10942760942760943,10,8,4,16,19,11,Implicit Existence|Overgeneralized Statement|Implicit Existence,Lacks Evidence|Other Stakeholder Perspective|Other Stakeholder Perspective
17:44,17,2,18,44,LLaMA2 Oracle Vanilla 60,0.3333333333333333,0.21879705985487885,0.20193793652226066,0.2702997908096623,0.40024140653634366,0.41867293012331175,0.5158924205378973,0.0,0.1081863129560498,0.09110426354193668,0.1402801633064791,11,9,4,16,19,12,Implicit Existence|Overgeneralized Statement|Implicit Existence,Vague or Ambiguous Terms|Overgeneralized Statement|Vague or Ambiguous Terms
18:42,18,3,19,42,LLaMA2 Oracle Vanilla 60,0.3333333333333333,0.28430452856564764,0.2600665266106442,0.3116202099659474,0.418092464612638,0.41666666666666663,0.5128552097428958,0.5,0.14237233354880413,0.11567752100840337,0.20508403361344535,11,9,4,13,16,10,Implicit Existence|Vague or Ambiguous Terms|Other Stakeholder Perspective,Vague or Ambiguous Terms|Lacks Evidence|Lacks Evidence
18:43,18,3,19,43,LLaMA2 Oracle Vanilla 60,0.3333333333333333,0.33898198682289127,0.3122397139130954,0.3084395785716532,0.4790935531031232,0.5114451656986675,0.6309794988610479,0.75,0.12929232421713624,0.10647603170822985,0.13768315018315017,11,9,4,14,17,12,Implicit Existence|Vague or Ambiguous Terms|Other Stakeholder Perspective,Vague or Ambiguous Terms|Lacks Evidence|Temporal Contrast
18:44,18,3,19,44,LLaMA2 Oracle Vanilla 60,0.3333333333333333,0.3042315160170308,0.27977893233842943,0.27482884999459195,0.40237416714805163,0.41867293012331175,0.5158924205378973,0.75,0.13212977498691786,0.1088127558715794,0.1472069597069597,11,9,4,14,17,12,Implicit Existence|Vague or Ambiguous Terms|Other Stakeholder Perspective,Vague or Ambiguous Terms|Lacks Evidence|Vague or Ambiguous Terms
19:42,19,4,20,42,LLaMA2 Oracle Vanilla 60,0.3333333333333333,0.29501119915762986,0.27281405890384613,0.28757975033013555,0.406247442736071,0.4161137440758293,0.511864406779661,0.75,0.11607806001188353,0.09774994527316508,0.1688408145627397,11,9,4,16,19,11,Vague or Ambiguous Terms|Vague or Ambiguous Terms|Other Stakeholder Perspective,Lacks Evidence|Other Stakeholder Perspective|Other Stakeholder Perspective
19:43,19,4,20,43,LLaMA2 Oracle Vanilla 60,0.3333333333333333,0.2479005579643735,0.22924136920364463,0.22059057977304422,0.3105715829760024,0.31922955478370696,0.3906567366283006,0.75,0.09791666666666667,0.08245614035087719,0.13055555555555556,11,9,4,16,19,12,Vague or Ambiguous Terms|Vague or Ambiguous Terms|Other Stakeholder Perspective,Lacks Evidence|Other Stakeholder Perspective|Other Stakeholder Perspective
19:44,19,4,20,44,LLaMA2 Oracle Vanilla 60,0.3333333333333333,0.2272609890477274,0.2103615248766213,0.21871172320924176,0.31230459562838586,0.32218309859154926,0.39560439560439553,0.5,0.10298909397581124,0.08754072987943955,0.1250626613529839,11,9,4,17,20,13,Vague or Ambiguous Terms|Vague or Ambiguous Terms|Other Stakeholder Perspective,Lacks Evidence|Other Stakeholder Perspective|Other Stakeholder Perspective
20:42,20,0,21,42,LLaMA2 Oracle Vanilla 60,0.6666666666666666,0.26896446352815145,0.24823023466428112,0.2692306575642038,0.33955545855205094,0.3264728582454335,0.4021461420541645,0.75,0.13352272727272727,0.1124401913875598,0.19886363636363635,11,9,4,16,19,12,Overgeneralized Statement|Other Stakeholder Perspective|Other Stakeholder Perspective,Other Stakeholder Perspective|Other Stakeholder Perspective|Other Stakeholder Perspective
20:43,20,0,21,43,LLaMA2 Oracle Vanilla 60,0.3333333333333333,0.2346337846162705,0.2177292607058493,0.1960606210789499,0.30509925795916554,0.3264728582454335,0.4021461420541645,0.75,0.06649616368286444,0.056521739130434775,0.08695652173913043,11,9,4,17,20,13,Overgeneralized Statement|Other Stakeholder Perspective|Other Stakeholder Perspective,Vague or Ambiguous Terms|Vague or Ambiguous Terms|Other Stakeholder Perspective
20:44,20,0,21,44,LLaMA2 Oracle Vanilla 60,0.6666666666666666,0.2722310140507995,0.25115963608992314,0.2556088626924089,0.3331408752187176,0.3264728582454335,0.4021461420541645,0.75,0.13990027829313542,0.11781076066790351,0.178030303030303,11,9,4,16,19,12,Overgeneralized Statement|Other Stakeholder Perspective|Other Stakeholder Perspective,Vague or Ambiguous Terms|Other Stakeholder Perspective|Other Stakeholder Perspective
21:42,21,1,22,42,LLaMA2 Oracle Vanilla 60,0.6666666666666666,0.4724722498922895,0.4350737601170841,0.5535905291712603,0.7245026919038058,0.7064659596305166,0.8766184310738766,0.5,0.28894794721407624,0.24332458712764315,0.38257575757575757,11,9,4,16,19,12,Overgeneralized Statement|Temporal Contrast|Other Stakeholder Perspective,Vague or Ambiguous Terms|Overgeneralized Statement|Other Stakeholder Perspective
21:43,21,1,22,43,LLaMA2 Oracle Vanilla 60,0.6666666666666666,0.39930965939615337,0.3668507472124444,0.4855661413000863,0.5655287206931703,0.5154185022026431,0.636697247706422,0.5,0.29166666666666663,0.24561403508771926,0.4055555555555556,11,9,4,16,19,12,Overgeneralized Statement|Temporal Contrast|Other Stakeholder Perspective,Vague or Ambiguous Terms|Overgeneralized Statement|Other Stakeholder Perspective
21:44,21,1,22,44,LLaMA2 Oracle Vanilla 60,0.6666666666666666,0.493534800852585,0.4561681232543473,0.5364823168707403,0.716446334094948,0.781962338949455,0.8766184310738766,0.5,0.2725490196078431,0.23166666666666663,0.35641025641025637,10,9,4,17,20,13,Overgeneralized Statement|Temporal Contrast|Other Stakeholder Perspective,Lacks Evidence|Overgeneralized Statement|Other Stakeholder Perspective
22:42,22,2,23,42,LLaMA2 Oracle Vanilla 60,0.6666666666666666,0.2780943535546992,0.2587466292959086,0.2627210506256749,0.5060103257638315,0.5695364238410595,0.7225433526011561,0.5,0.013775510204081631,0.01134453781512605,0.019285714285714285,10,8,4,14,17,10,Other Stakeholder Perspective|Other Stakeholder Perspective|Overgeneralized Statement,Vague or Ambiguous Terms|Other Stakeholder Perspective|Other Stakeholder Perspective
22:43,22,2,23,43,LLaMA2 Oracle Vanilla 60,0.3333333333333333,0.32100625454614035,0.2986415666927704,0.31309943898033904,0.6021941481674198,0.6752368064952639,0.8594950603732162,0.5,0.01702226345083488,0.0140183346065699,0.02383116883116883,10,8,4,14,17,10,Other Stakeholder Perspective|Other Stakeholder Perspective|Overgeneralized Statement,Vague or Ambiguous Terms|Vague or Ambiguous Terms|Other Stakeholder Perspective
22:44,22,2,23,44,LLaMA2 Oracle Vanilla 60,0.3333333333333333,0.3251504843001262,0.3022760783486725,0.31181156019246026,0.6015876784704501,0.6752368064952639,0.8594950603732162,0.5,0.025113378684807255,0.020681605975723622,0.02186147186147186,10,8,4,14,17,11,Other Stakeholder Perspective|Other Stakeholder Perspective|Overgeneralized Statement,Vague or Ambiguous Terms|Lacks Evidence|Other Stakeholder Perspective
23:42,23,3,24,42,LLaMA2 Oracle Vanilla 60,0.6666666666666666,0.2043971541859047,0.19029842124691007,0.14306818668254395,0.27847932033186623,0.3243761996161228,0.39899833055091816,0.75,0.00906019656019656,0.007629639208586577,0.007575757575757576,11,9,4,16,19,12,Lacks Evidence|Vague or Ambiguous Terms|Other Stakeholder Perspective,Lacks Evidence|Other Stakeholder Perspective|Other Stakeholder Perspective
23:43,23,3,24,43,LLaMA2 Oracle Vanilla 60,0.6666666666666666,0.16763002568526786,0.15608767706963403,0.18315049629700747,0.35920229110742563,0.41867293012331175,0.5158924205378973,0.0,0.008288770053475936,0.007045454545454547,0.006993006993006993,11,9,4,17,20,13,Lacks Evidence|Vague or Ambiguous Terms|Other Stakeholder Perspective,Lacks Evidence|Other Stakeholder Perspective|Other Stakeholder Perspective
23:44,23,3,24,44,LLaMA2 Oracle Vanilla 60,0.6666666666666666,0.09423478530642426,0.08765898278877035,0.10289476441161834,0.1981565798433776,0.2304526748971193,0.28294177732379977,0.0,0.008399209486166008,0.007073018514666112,0.007575757575757576,11,9,4,16,19,12,Lacks Evidence|Vague or Ambiguous Terms|Other Stakeholder Perspective,Other Stakeholder Perspective|Other Stakeholder Perspective|Lacks Evidence
24:42,24,4,25,42,LLaMA2 Oracle Vanilla 60,0.3333333333333333,0.18291863206957748,0.16886251597242097,0.21211641385789992,0.26860728225420955,0.25373134328358204,0.3188854489164087,0.25,0.11618868677692207,0.09876038376038376,0.1555916305916306,10,8,4,17,20,12,Lacks Evidence|Lacks Evidence|Other Stakeholder Perspective,Lacks Evidence
24:43,24,4,25,43,LLaMA2 Oracle Vanilla 60,0.3333333333333333,0.15822720222523431,0.14586536562572125,0.20944466721728905,0.2676278523384324,0.25399644760213147,0.3194122196442382,0.0,0.1153986728381192,0.09808887191240132,0.15122655122655124,10,8,4,17,20,12,Lacks Evidence|Lacks Evidence|Other Stakeholder Perspective,Other Stakeholder Perspective|Vague or Ambiguous Terms|Other Stakeholder Perspective
24:44,24,4,25,44,LLaMA2 Oracle Vanilla 60,0.6666666666666666,0.1950912214583232,0.1799038158242144,0.2192797327912935,0.26535253359725397,0.22466960352422904,0.3063583815028902,0.375,0.1382869725430279,0.11754392666157372,0.1731792717086835,11,8,4,17,20,12,Lacks Evidence|Lacks Evidence|Other Stakeholder Perspective,Lacks Evidence|Lacks Evidence|Lacks Evidence
25:42,25,0,26,42,LLaMA2 Oracle Vanilla 60,0.6666666666666666,0.25183152762160965,0.23285678847936495,0.2529705464027498,0.3899497650231125,0.4161137440758293,0.511864406779661,0.5,0.07939393939393939,0.06616161616161616,0.1159090909090909,11,9,4,15,18,12,Implicit Existence|Vague or Ambiguous Terms|Other Stakeholder Perspective,Vague or Ambiguous Terms|Lacks Evidence|Other Stakeholder Perspective
25:43,25,0,26,43,LLaMA2 Oracle Vanilla 60,0.6666666666666666,0.25183152762160965,0.23285678847936495,0.2529705464027498,0.3899497650231125,0.4161137440758293,0.511864406779661,0.5,0.07939393939393939,0.06616161616161616,0.1159090909090909,11,9,4,15,18,12,Implicit Existence|Vague or Ambiguous Terms|Other Stakeholder Perspective,Vague or Ambiguous Terms|Lacks Evidence|Other Stakeholder Perspective
25:44,25,0,26,44,LLaMA2 Oracle Vanilla 60,0.6666666666666666,0.25183152762160965,0.23285678847936495,0.2529705464027498,0.3899497650231125,0.4161137440758293,0.511864406779661,0.5,0.07939393939393939,0.06616161616161616,0.1159090909090909,11,9,4,15,18,12,Implicit Existence|Vague or Ambiguous Terms|Other Stakeholder Perspective,Vague or Ambiguous Terms|Lacks Evidence|Other Stakeholder Perspective
26:42,26,1,27,42,LLaMA2 Oracle Vanilla 60,0.6666666666666666,0.26337822601373895,0.24279824207224276,0.2968775188365166,0.47364891116173125,0.5114451656986676,0.6309794988610479,0.25,0.07692307692307693,0.0625,0.12,11,9,4,13,16,10,Vague or Ambiguous Terms|Other Stakeholder Perspective|Other Stakeholder Perspective,Other Stakeholder Perspective|Other Stakeholder Perspective|Other Stakeholder Perspective
26:44,26,1,27,44,LLaMA2 Oracle Vanilla 60,0.3333333333333333,0.387616242512493,0.3601183436246091,0.3729783037475345,0.7047317948717949,0.7557666214382632,1.0,0.75,0.03809523809523809,0.03137254901960784,0.041025641025641026,9,7,4,14,17,13,Vague or Ambiguous Terms|Other Stakeholder Perspective|Other Stakeholder Perspective,Vague or Ambiguous Terms
27:42,27,2,28,42,LLaMA2 Oracle Vanilla 60,0.6666666666666666,0.2773332961463074,0.2555140578867392,0.2753939602329023,0.36602350683322954,0.35510541546093427,0.446685878962536,0.75,0.12804659498207885,0.10670549581839904,0.18471000325839035,10,8,4,15,18,11,Lacks Evidence|Other Stakeholder Perspective|Other Stakeholder Perspective,Lacks Evidence|Lacks Evidence|Other Stakeholder Perspective
27:43,27,2,28,43,LLaMA2 Oracle Vanilla 60,0.0,0.27267488608952023,0.25208125208125204,0.23316848857194677,0.34613928384295817,0.3956043956043956,0.446685878962536,0.75,0.08809523809523809,0.07341269841269842,0.12012987012987013,9,8,4,15,18,11,Lacks Evidence|Other Stakeholder Perspective|Other Stakeholder Perspective,Vague or Ambiguous Terms
27:44,27,2,28,44,LLaMA2 Oracle Vanilla 60,1.0,0.2797723205365513,0.25767856005124135,0.26532963313228486,0.3612841559996247,0.35510541546093427,0.446685878962536,0.75,0.13280849974398362,0.11067374978665301,0.1693175029868578,10,8,4,15,18,12,Lacks Evidence|Other Stakeholder Perspective|Other Stakeholder Perspective,Lacks Evidence|Other Stakeholder Perspective|Other Stakeholder Perspective
28:42,28,3,29,42,LLaMA2 Oracle Vanilla 60,0.3333333333333333,0.15241495507060332,0.14019138755980862,0.14405690558360187,0.1519979325794092,0.13157894736842105,0.1590656284760845,0.5,0.10208333333333333,0.08596491228070176,0.1361111111111111,11,9,4,16,19,12,Lacks Evidence|Implicit Existence|Lacks Evidence,Vague or Ambiguous Terms|Lacks Evidence
28:43,28,3,29,43,LLaMA2 Oracle Vanilla 60,0.3333333333333333,0.15241495507060332,0.14019138755980862,0.14405690558360187,0.1519979325794092,0.13157894736842105,0.1590656284760845,0.5,0.10208333333333333,0.08596491228070176,0.1361111111111111,11,9,4,16,19,12,Lacks Evidence|Implicit Existence|Lacks Evidence,Vague or Ambiguous Terms|Lacks Evidence
28:44,28,3,29,44,LLaMA2 Oracle Vanilla 60,0.0,0.15241495507060332,0.14019138755980862,0.14405690558360187,0.1519979325794092,0.13157894736842105,0.1590656284760845,0.5,0.10208333333333333,0.08596491228070176,0.1361111111111111,11,9,4,16,19,12,Lacks Evidence|Implicit Existence|Lacks Evidence,Vague or Ambiguous Terms
29:42,29,4,30,42,LLaMA2 Oracle Vanilla 60,0.6666666666666666,0.021075728400824674,0.017989078830176784,0.04868559802770331,-0.02517313074352546,-0.06666666666666667,-0.09090909090909088,0.0,0.09194150148097516,0.07742442229976855,0.12258866864130023,8,6,4,16,19,12,Vague or Ambiguous Terms|Vague or Ambiguous Terms|Other Stakeholder Perspective,Vague or Ambiguous Terms|Lacks Evidence|Other Stakeholder Perspective
29:43,29,4,30,43,LLaMA2 Oracle Vanilla 60,0.6666666666666666,0.21374328732552278,0.19604101813577807,0.19421082961303504,0.17536811252628204,0.13134082807787223,0.15859766277128545,0.75,0.17438197767145136,0.14684798119701167,0.2130648591174907,11,9,4,16,19,12,Vague or Ambiguous Terms|Vague or Ambiguous Terms|Other Stakeholder Perspective,Vague or Ambiguous Terms|Other Stakeholder Perspective|Other Stakeholder Perspective
29:44,29,4,30,44,LLaMA2 Oracle Vanilla 60,0.6666666666666666,0.2624818035854297,0.24138169297605022,0.23513754775438175,0.2582380344447573,0.25076452599388377,0.27879799666110183,0.75,0.178548644338118,0.15035675312683622,0.21202319245082404,10,9,4,16,19,12,Vague or Ambiguous Terms|Vague or Ambiguous Terms|Other Stakeholder Perspective,Vague or Ambiguous Terms|Other Stakeholder Perspective|Other Stakeholder Perspective
30:42,30,0,31,42,LLaMA2 Oracle Vanilla 60,0.6666666666666666,0.1417852021446819,0.13194256135674234,0.13218759135137392,0.22942097431460373,0.22143579373104147,0.3159609120521173,0.5,0.012867647058823529,0.0109375,0.034895833333333334,7,5,4,17,20,12,Implicit Existence|Lacks Evidence|Lacks Evidence,Vague or Ambiguous Terms|Lacks Evidence|Lacks Evidence
30:43,30,0,31,43,LLaMA2 Oracle Vanilla 60,0.6666666666666666,0.12551537238044272,0.11610641769148872,0.0779634381634285,0.06751452222709259,0.05221588415971916,0.05821474773609315,0.75,0.06241314862107831,0.05305117632791656,0.08841862721319427,9,8,4,17,20,12,Implicit Existence|Lacks Evidence|Lacks Evidence,Lacks Evidence|Lacks Evidence|Lacks Evidence
30:44,30,0,31,44,LLaMA2 Oracle Vanilla 60,0.6666666666666666,0.11022533574854221,0.10216125908872768,0.11178106183224139,0.16652408891146847,0.16713881019830024,0.2152466367713004,0.25,0.040238942977020305,0.03420310153046726,0.05700516921744544,9,7,4,17,20,12,Implicit Existence|Lacks Evidence|Lacks Evidence,Lacks Evidence|Lacks Evidence|Other Stakeholder Perspective
31:42,31,1,32,42,LLaMA2 Oracle Vanilla 60,0.6666666666666666,0.2356979708802162,0.21836606676517753,0.21019448489520873,0.3099124364328137,0.324190894130554,0.3986636971046771,0.75,0.0703125,0.05921052631578947,0.11041666666666666,11,9,4,16,19,12,Vague or Ambiguous Terms|Other Stakeholder Perspective|Vague or Ambiguous Terms,Vague or Ambiguous Terms|Lacks Evidence|Other Stakeholder Perspective
31:43,31,1,32,43,LLaMA2 Oracle Vanilla 60,0.3333333333333333,0.3385189933806429,0.31319532995636457,0.31120283309888697,0.455652277831248,0.5158924205378973,0.5842155919153031,0.75,0.125,0.10526315789473684,0.16666666666666666,9,8,4,16,19,12,Vague or Ambiguous Terms|Other Stakeholder Perspective|Vague or Ambiguous Terms,Vague or Ambiguous Terms
31:44,31,1,32,44,LLaMA2 Oracle Vanilla 60,0.6666666666666666,0.2356979708802162,0.21836606676517753,0.21019448489520873,0.3099124364328137,0.324190894130554,0.3986636971046771,0.75,0.0703125,0.05921052631578947,0.11041666666666666,11,9,4,16,19,12,Vague or Ambiguous Terms|Other Stakeholder Perspective|Vague or Ambiguous Terms,Vague or Ambiguous Terms|Lacks Evidence|Other Stakeholder Perspective
32:42,32,2,33,42,LLaMA2 Oracle Vanilla 60,0.6666666666666666,0.2512621074258879,0.2312562685505934,0.19805070416506143,0.3043709112409571,0.3219841502788377,0.39899833055091816,0.75,0.10238095238095238,0.08431372549019608,0.09166666666666667,11,9,4,14,17,12,Lacks Evidence|Overgeneralized Statement|Vague or Ambiguous Terms,Vague or Ambiguous Terms|Other Stakeholder Perspective|Lacks Evidence
32:43,32,2,33,43,LLaMA2 Oracle Vanilla 60,0.6666666666666666,0.17688212640640338,0.1646214466647903,0.15727058029689608,0.3061184649122807,0.3188854489164087,0.43859649122807015,0.5,0.0071428571428571435,0.0058823529411764705,0.008333333333333333,8,6,4,14,17,12,Lacks Evidence|Overgeneralized Statement|Vague or Ambiguous Terms,Vague or Ambiguous Terms|Lacks Evidence
32:44,32,2,33,44,LLaMA2 Oracle Vanilla 60,0.6666666666666666,0.2841630155186321,0.26083189474330426,0.2771784573114209,0.40152439212136987,0.4137341988384011,0.5121951219512195,0.75,0.09671125975473803,0.07736900780379043,0.1527578701491745,11,9,4,12,15,9,Lacks Evidence|Overgeneralized Statement|Vague or Ambiguous Terms,Vague or Ambiguous Terms|Other Stakeholder Perspective|Lacks Evidence
33:42,33,3,34,42,LLaMA2 Oracle Vanilla 60,0.3333333333333333,0.3628542955481598,0.33342668923801233,0.42233273267651117,0.5077720657134165,0.46192052980132453,0.5838150289017341,0.5,0.26125226860254086,0.22000191040213968,0.3368421052631579,10,8,4,16,19,12,Other Stakeholder Perspective|Other Stakeholder Perspective|Lacks Evidence,Vague or Ambiguous Terms|Lacks Evidence|Lacks Evidence
33:43,33,3,34,43,LLaMA2 Oracle Vanilla 60,0.6666666666666666,0.3753381238757511,0.34532616604665023,0.453747278591168,0.5490641269969995,0.5134281200631912,0.6338983050847458,0.5,0.24638157894736842,0.2074792243767313,0.3583732057416268,11,9,4,16,19,11,Other Stakeholder Perspective|Other Stakeholder Perspective|Lacks Evidence,Vague or Ambiguous Terms|Other Stakeholder Perspective|Lacks Evidence
33:44,33,3,34,44,LLaMA2 Oracle Vanilla 60,0.3333333333333333,0.34579126873388144,0.3175335633501837,0.40226235609712635,0.46238335478059456,0.41867293012331175,0.5158924205378973,0.5,0.2608892921960072,0.21969624605979554,0.3421052631578947,11,9,4,16,19,12,Other Stakeholder Perspective|Other Stakeholder Perspective|Lacks Evidence,Vague or Ambiguous Terms|Lacks Evidence|Lacks Evidence
34:42,34,4,35,42,LLaMA2 Oracle Vanilla 60,0.3333333333333333,0.3185410278942287,0.2932201338820974,0.33507819487909657,0.4323536101921943,0.42073505211190343,0.5189309576837418,0.75,0.15849625285109153,0.13208021070924295,0.23774437927663733,11,9,4,15,18,10,Implicit Existence|Other Stakeholder Perspective|Other Stakeholder Perspective,Vague or Ambiguous Terms|Other Stakeholder Perspective|Temporal Contrast
34:43,34,4,35,43,LLaMA2 Oracle Vanilla 60,0.0,0.28420159072574064,0.2616634905074652,0.2943397984424828,0.4131696596725668,0.42073505211190343,0.5189309576837418,0.5,0.13907163742690057,0.11589303118908381,0.17543859649122806,11,9,4,15,18,11,Implicit Existence|Other Stakeholder Perspective|Other Stakeholder Perspective,Vague or Ambiguous Terms
34:44,34,4,35,44,LLaMA2 Oracle Vanilla 60,0.3333333333333333,0.19443216235554028,0.17921779501260235,0.17857702151171811,0.19844365824338633,0.16753185464841905,0.21612541993281073,0.75,0.10910518962868797,0.09187805442415829,0.15869845764172794,9,7,4,16,19,11,Implicit Existence|Other Stakeholder Perspective|Other Stakeholder Perspective,Vague or Ambiguous Terms|Lacks Evidence|Other Stakeholder Perspective
35:42,35,0,36,42,LLaMA2 Oracle Vanilla 60,0.6666666666666666,0.22871435765389986,0.21289402988293765,0.2620991725037968,0.5057174796981325,0.5695364238410595,0.7225433526011561,0.0,0.012605042016806723,0.010614772224679346,0.01833460656990069,10,8,4,16,19,11,Other Stakeholder Perspective|Vague or Ambiguous Terms|Lacks Evidence,Vague or Ambiguous Terms|Lacks Evidence|Lacks Evidence
35:43,35,0,36,43,LLaMA2 Oracle Vanilla 60,1.0,0.35021961514667604,0.32464318468618314,0.3576528953663729,0.5672516765131774,0.6090225563909775,0.7537993920972644,0.5,0.12450682470276563,0.10583080099735079,0.14792827945001857,11,9,4,17,20,13,Other Stakeholder Perspective|Vague or Ambiguous Terms|Lacks Evidence,Vague or Ambiguous Terms|Lacks Evidence|Other Stakeholder Perspective
35:44,35,0,36,44,LLaMA2 Oracle Vanilla 60,1.0,0.3019456611560466,0.27995585583890525,0.2897925933789951,0.47211919276484443,0.5137353962740764,0.6343940419769803,0.5,0.10285741747679464,0.08742880485527545,0.10735653235653235,11,9,4,17,20,13,Other Stakeholder Perspective|Vague or Ambiguous Terms|Lacks Evidence,Vague or Ambiguous Terms|Lacks Evidence|Other Stakeholder Perspective
36:42,36,1,37,42,LLaMA2 Oracle Vanilla 60,0.3333333333333333,0.17626635050672312,0.16297602587676147,0.17046116556212043,0.22539227664712586,0.20423670274004144,0.274282223579719,0.5,0.09329205366357068,0.07929824561403508,0.1154970760233918,12,9,4,17,20,12,Vague or Ambiguous Terms|Other Stakeholder Perspective|Lacks Evidence,Lacks Evidence|Lacks Evidence|Implicit Existence
36:43,36,1,37,43,LLaMA2 Oracle Vanilla 60,0.3333333333333333,0.17024052554259111,0.15752148042221603,0.1773263763746997,0.22862514480236243,0.20423670274004144,0.274282223579719,0.5,0.08152734778121774,0.06929824561403508,0.12599681020733652,12,9,4,17,20,11,Vague or Ambiguous Terms|Other Stakeholder Perspective|Lacks Evidence,Lacks Evidence|Lacks Evidence|Lacks Evidence
36:44,36,1,37,44,LLaMA2 Oracle Vanilla 60,0.3333333333333333,0.11572115681949213,0.10752148042221604,0.12977392882225214,0.20623241752963517,0.20423670274004144,0.274282223579719,0.25,0.02270381836945304,0.019298245614035085,0.0532695374800638,12,9,4,17,20,11,Vague or Ambiguous Terms|Other Stakeholder Perspective|Lacks Evidence,Lacks Evidence
37:42,37,2,38,42,LLaMA2 Oracle Vanilla 60,0.3333333333333333,0.2484672186171403,0.23152627189324437,0.2501111605157848,0.5000722543352601,0.636697247706422,0.7225433526011561,0.0,0.0,0.0,0.0,9,8,4,16,19,10,Other Stakeholder Perspective|Other Stakeholder Perspective|Overgeneralized Statement,Lacks Evidence|Vague or Ambiguous Terms|Other Stakeholder Perspective
37:43,37,2,38,43,LLaMA2 Oracle Vanilla 60,0.3333333333333333,0.20087285874743527,0.18708400680804402,0.19314912729546876,0.3619544863266815,0.38078783690393925,0.5121951219512195,0.5,0.006818181818181818,0.0057954545454545455,0.024242424242424242,12,9,4,17,20,12,Other Stakeholder Perspective|Other Stakeholder Perspective|Overgeneralized Statement,Vague or Ambiguous Terms|Other Stakeholder Perspective|Vague or Ambiguous Terms
37:44,37,2,38,44,LLaMA2 Oracle Vanilla 60,0.6666666666666666,0.20091250233272562,0.18711989197550813,0.18225169139803288,0.35682281966001483,0.3807878369039392,0.5121951219512195,0.5,0.006895581198986772,0.005861244019138756,0.007575757575757576,12,9,4,17,20,12,Other Stakeholder Perspective|Other Stakeholder Perspective|Overgeneralized Statement,Vague or Ambiguous Terms|Other Stakeholder Perspective|Other Stakeholder Perspective
38:42,38,3,39,42,LLaMA2 Oracle Vanilla 60,0.3333333333333333,0.3030226483732404,0.2800011469763492,0.30243633131951486,0.4134184735675108,0.41629816803537584,0.5121951219512195,0.75,0.13157894736842105,0.11080332409972299,0.19138755980861244,11,9,4,16,19,11,Bias and Subjectivity|Vague or Ambiguous Terms|Temporal Contrast,Vague or Ambiguous Terms|Lacks Evidence|Lacks Evidence
38:43,38,3,39,43,LLaMA2 Oracle Vanilla 60,0.0,0.3738595115629319,0.3461577455705713,0.36824573727962334,0.57204163822799,0.6087551299589603,0.7534246575342466,0.75,0.12324561403508771,0.10378578024007386,0.16432748538011696,11,9,4,16,19,12,Bias and Subjectivity|Vague or Ambiguous Terms|Temporal Contrast,Lacks Evidence|Lacks Evidence|Other Stakeholder Perspective
38:44,38,3,39,44,LLaMA2 Oracle Vanilla 60,0.0,0.3597682949979801,0.3329525330058614,0.3305037092949671,0.49102800525324614,0.5671776375112714,0.6338983050847458,0.75,0.12741228070175437,0.10729455216989842,0.1698830409356725,10,9,4,16,19,12,Bias and Subjectivity|Vague or Ambiguous Terms|Temporal Contrast,Other Stakeholder Perspective
39:42,39,4,40,42,LLaMA2 Oracle Vanilla 60,0.3333333333333333,0.33026962736656257,0.3057804229431158,0.3654692065487939,0.5074934635894688,0.46912442396313364,0.6338983050847458,0.75,0.14452685421994885,0.12284782608695652,0.2233596837944664,12,9,4,17,20,11,Other Stakeholder Perspective|Other Stakeholder Perspective|Other Stakeholder Perspective,Vague or Ambiguous Terms|Lacks Evidence|Other Stakeholder Perspective
39:43,39,4,40,43,LLaMA2 Oracle Vanilla 60,0.0,0.33026962736656257,0.3057804229431158,0.3654692065487939,0.5074934635894688,0.46912442396313364,0.6338983050847458,0.75,0.14452685421994885,0.12284782608695652,0.2233596837944664,12,9,4,17,20,11,Other Stakeholder Perspective|Other Stakeholder Perspective|Other Stakeholder Perspective,Vague or Ambiguous Terms
39:44,39,4,40,44,LLaMA2 Oracle Vanilla 60,0.6666666666666666,0.23358848160518544,0.21603005618133933,0.24951011055022493,0.31158558071556475,0.25399644760213147,0.3668341708542714,0.75,0.11967545638945232,0.10172413793103448,0.18739737274220034,10,7,4,17,20,12,Other Stakeholder Perspective|Other Stakeholder Perspective|Other Stakeholder Perspective,Vague or Ambiguous Terms|Other Stakeholder Perspective|Other Stakeholder Perspective
40:42,40,0,41,42,LLaMA2 Oracle Vanilla 60,1.0,0.15744816080082627,0.14519790741289113,0.20487944890929966,0.3096959701492537,0.3159609120521173,0.40298507462686567,0.0,0.06666666666666667,0.05555555555555555,0.1,5,4,4,15,18,10,Vague or Ambiguous Terms|Other Stakeholder Perspective|Other Stakeholder Perspective,Vague or Ambiguous Terms|Other Stakeholder Perspective|Other Stakeholder Perspective
40:43,40,0,41,43,LLaMA2 Oracle Vanilla 60,0.6666666666666666,0.15744816080082627,0.14519790741289113,0.20487944890929966,0.3096959701492537,0.3159609120521173,0.40298507462686567,0.0,0.06666666666666667,0.05555555555555555,0.1,5,4,4,15,18,10,Vague or Ambiguous Terms|Other Stakeholder Perspective|Other Stakeholder Perspective,Vague or Ambiguous Terms|Lacks Evidence|Other Stakeholder Perspective
40:44,40,0,41,44,LLaMA2 Oracle Vanilla 60,1.0,0.42439024390243907,0.3939393939393939,0.41880341880341876,0.7263111111111111,1.0,1.0,0.0,0.06666666666666667,0.05555555555555555,0.1111111111111111,2,2,4,15,18,9,Vague or Ambiguous Terms|Other Stakeholder Perspective|Other Stakeholder Perspective,Vague or Ambiguous Terms|Other Stakeholder Perspective|Other Stakeholder Perspective
41:42,41,1,42,42,LLaMA2 Oracle Vanilla 60,0.3333333333333333,0.26984071603214943,0.24862463599582957,0.29445127180599906,0.3794539916690923,0.3603411513859275,0.4551083591331269,0.5,0.15704813976872803,0.13225106506840256,0.20939751969163733,10,8,4,16,19,12,Lacks Evidence|Lacks Evidence|Other Stakeholder Perspective,Vague or Ambiguous Terms|Other Stakeholder Perspective|Other Stakeholder Perspective
41:43,41,1,42,43,LLaMA2 Oracle Vanilla 60,0.6666666666666666,0.3724131035376399,0.3427030445951109,0.4361032758889669,0.5407554623362818,0.5134281200631912,0.6338983050847458,0.5,0.24067082495391318,0.20267016838224267,0.3313882604323781,11,9,4,16,19,12,Lacks Evidence|Lacks Evidence|Other Stakeholder Perspective,Vague or Ambiguous Terms|Lacks Evidence|Other Stakeholder Perspective
41:44,41,1,42,44,LLaMA2 Oracle Vanilla 60,0.6666666666666666,0.3423840643726526,0.3150722867466112,0.36731069151489504,0.44592441033079483,0.46214315266859746,0.5158924205378973,0.5,0.22111696174196177,0.18620375725638885,0.28864977614977616,10,9,4,16,19,12,Lacks Evidence|Lacks Evidence|Other Stakeholder Perspective,Vague or Ambiguous Terms|Lacks Evidence|Other Stakeholder Perspective
42:42,42,2,43,42,LLaMA2 Oracle Vanilla 60,0.6666666666666666,0.2049491807970503,0.1898209788414957,0.2574538148418745,0.3918857456301381,0.37823834196891193,0.5115332428765265,0.25,0.06433823529411764,0.054179566563467486,0.12294117647058822,12,9,4,16,19,10,Vague or Ambiguous Terms|Other Stakeholder Perspective|Vague or Ambiguous Terms,Vague or Ambiguous Terms|Other Stakeholder Perspective|Lacks Evidence
42:43,42,2,43,43,LLaMA2 Oracle Vanilla 60,0.6666666666666666,0.009979873065274278,0.009299427174460122,0.024468151056465354,0.02893362122229683,0.025573424729765336,0.03290799194089991,0.0,0.0,0.0,0.02,12,9,4,16,19,10,Vague or Ambiguous Terms|Other Stakeholder Perspective|Vague or Ambiguous Terms,Vague or Ambiguous Terms|Other Stakeholder Perspective|Lacks Evidence
42:44,42,2,43,44,LLaMA2 Oracle Vanilla 60,0.6666666666666666,0.3102469411421804,0.2889131590504588,0.25415659855019124,0.5002603078843354,0.7192982456140351,0.7192982456140351,0.25,0.010064412238325281,0.008475294516484447,0.007905138339920948,8,8,4,16,19,11,Vague or Ambiguous Terms|Other Stakeholder Perspective|Vague or Ambiguous Terms,Vague or Ambiguous Terms|Lacks Evidence|Vague or Ambiguous Terms
43:42,43,3,44,42,LLaMA2 Oracle Vanilla 60,0.0,0.358180119178925,0.33012855408064984,0.4146892566819217,0.46823525536538985,0.38093044679871024,0.5158924205378973,0.75,0.26621417797888386,0.22628205128205128,0.3611111111111111,12,9,4,17,20,12,Lacks Evidence|Implicit Existence|Other Stakeholder Perspective,Vague or Ambiguous Terms
43:43,43,3,44,43,LLaMA2 Oracle Vanilla 60,0.6666666666666666,0.25887593344687543,0.24042316258351895,0.2712381957664976,0.45145910316098986,0.3986636971046771,0.6118598382749325,0.75,0.058823529411764705,0.05,0.09090909090909091,9,6,4,17,20,11,Lacks Evidence|Implicit Existence|Other Stakeholder Perspective,Vague or Ambiguous Terms|Lacks Evidence|Other Stakeholder Perspective
43:44,43,3,44,44,LLaMA2 Oracle Vanilla 60,0.3333333333333333,0.2900249460665074,0.2671550839478222,0.3783644703571354,0.4511296998098343,0.3827534039334342,0.5158924205378973,0.25,0.22699849170437408,0.19294871794871798,0.3055555555555555,12,9,4,17,20,12,Lacks Evidence|Implicit Existence|Other Stakeholder Perspective,Vague or Ambiguous Terms|Vague or Ambiguous Terms|Other Stakeholder Perspective
44:42,44,4,45,42,LLaMA2 Oracle Vanilla 60,0.6666666666666666,0.12849508525043718,0.11967968524477993,0.12934971741975002,0.22808460278682594,0.19275549805950842,0.3159609120521173,0.5,0.008771929824561403,0.007575757575757575,0.030555555555555558,8,5,4,19,22,12,Vague or Ambiguous Terms|Other Stakeholder Perspective|Lacks Evidence,Vague or Ambiguous Terms|Lacks Evidence
44:43,44,4,45,43,LLaMA2 Oracle Vanilla 60,0.6666666666666666,0.20549972797098148,0.1904690321230435,0.233831493101156,0.19658357432792659,0.12324552970582577,0.16343207354443307,0.75,0.16445525578652515,0.1420295390883626,0.2711017740429505,12,9,4,19,22,12,Vague or Ambiguous Terms|Other Stakeholder Perspective|Lacks Evidence,Lacks Evidence|Lacks Evidence|Other Stakeholder Perspective
44:44,44,4,45,44,LLaMA2 Oracle Vanilla 60,0.6666666666666666,0.2721721373182251,0.25258803155571596,0.30820089819172947,0.35405464279981086,0.29249193919852595,0.3948655256723716,0.75,0.16567555251765778,0.14308343171979535,0.26231962481962484,12,9,4,19,22,12,Vague or Ambiguous Terms|Other Stakeholder Perspective|Lacks Evidence,Vague or Ambiguous Terms|Vague or Ambiguous Terms|Other Stakeholder Perspective
45:42,45,0,46,42,LLaMA2 Oracle Vanilla 60,0.3333333333333333,0.40840761322291774,0.3779569065579798,0.5111013986013986,0.7697747727272728,0.6685082872928176,1.0,0.75,0.14517045454545455,0.1222488038277512,0.2522727272727273,10,7,4,16,19,10,Vague or Ambiguous Terms|Lacks Evidence|Other Stakeholder Perspective,Vague or Ambiguous Terms
45:43,45,0,46,43,LLaMA2 Oracle Vanilla 60,0.6666666666666666,0.1871123759976132,0.17293692947966247,0.18468412392561,0.2556892555586828,0.2507645259938838,0.3188854489164087,0.5,0.07901785714285714,0.06654135338345864,0.11363636363636363,10,8,4,16,19,11,Vague or Ambiguous Terms|Lacks Evidence|Other Stakeholder Perspective,Vague or Ambiguous Terms|Vague or Ambiguous Terms|Other Stakeholder Perspective
45:44,45,0,46,44,LLaMA2 Oracle Vanilla 60,0.6666666666666666,0.31440268723870035,0.29023313808969037,0.33012494580890805,0.3941400309360451,0.35510541546093427,0.45111492281303606,0.75,0.20042016806722684,0.17035714285714282,0.26607142857142857,10,8,4,17,20,12,Vague or Ambiguous Terms|Lacks Evidence|Other Stakeholder Perspective,Vague or Ambiguous Terms|Vague or Ambiguous Terms|Lacks Evidence
46:42,46,1,47,42,LLaMA2 Oracle Vanilla 60,1.0,0.39576878097006385,0.36086145688221816,0.3687667046777587,0.442617277537839,0.45625308947108256,0.5083459787556904,0.75,0.2822128851540616,0.23241061130334487,0.2948717948717948,10,9,4,14,17,13,Other Stakeholder Perspective|Lacks Evidence|Other Stakeholder Perspective,Other Stakeholder Perspective|Lacks Evidence|Other Stakeholder Perspective
46:43,46,1,47,43,LLaMA2 Oracle Vanilla 60,1.0,0.3035747492591433,0.27818814022539257,0.2949151349453967,0.3460074233739287,0.3196591984853266,0.39148073022312374,0.75,0.20628654970760235,0.17190545808966862,0.24379217273954118,11,9,4,15,18,13,Other Stakeholder Perspective|Lacks Evidence|Other Stakeholder Perspective,Other Stakeholder Perspective|Lacks Evidence|Other Stakeholder Perspective
46:44,46,1,47,44,LLaMA2 Oracle Vanilla 60,1.0,0.3007292208038588,0.27566288770014,0.2907238134463829,0.3440337054252107,0.3196591984853266,0.39148073022312374,0.75,0.2007309941520468,0.16727582846003897,0.23738191632928476,11,9,4,15,18,13,Other Stakeholder Perspective|Lacks Evidence|Other Stakeholder Perspective,Other Stakeholder Perspective|Lacks Evidence|Other Stakeholder Perspective
47:42,47,2,48,42,LLaMA2 Oracle Vanilla 60,0.3333333333333333,0.22000557262578432,0.20370171673819742,0.21252227058996398,0.28958161115090736,0.3133047210300429,0.35816618911174786,0.5,0.09558823529411764,0.08125,0.13541666666666666,8,7,4,17,20,12,Lacks Evidence|Other Stakeholder Perspective|Other Stakeholder Perspective,Vague or Ambiguous Terms|Lacks Evidence|Lacks Evidence
47:43,47,2,48,43,LLaMA2 Oracle Vanilla 60,0.3333333333333333,0.302887722775947,0.28080541264329945,0.32751928509343764,0.48962262234130943,0.5134281200631912,0.6338983050847458,0.5,0.10493079584775088,0.08919117647058825,0.1653186274509804,11,9,4,17,20,12,Lacks Evidence|Other Stakeholder Perspective|Other Stakeholder Perspective,Vague or Ambiguous Terms|Overgeneralized Statement|Other Stakeholder Perspective
47:44,47,2,48,44,LLaMA2 Oracle Vanilla 60,0.3333333333333333,0.22000557262578432,0.20370171673819742,0.21252227058996398,0.28958161115090736,0.3133047210300429,0.35816618911174786,0.5,0.09558823529411764,0.08125,0.13541666666666666,8,7,4,17,20,12,Lacks Evidence|Other Stakeholder Perspective|Other Stakeholder Perspective,Vague or Ambiguous Terms|Lacks Evidence|Lacks Evidence
48:42,48,3,49,42,LLaMA2 Oracle Vanilla 60,0.6666666666666666,0.3076250191205858,0.285447377442578,0.34907566481960944,0.561660066058509,0.5474802879670895,0.7508650519031141,0.5,0.08823529411764706,0.075,0.13636363636363635,12,9,4,17,20,11,Vague or Ambiguous Terms|Vague or Ambiguous Terms|Other Stakeholder Perspective,Vague or Ambiguous Terms|Other Stakeholder Perspective|Other Stakeholder Perspective
48:43,48,3,49,43,LLaMA2 Oracle Vanilla 60,0.6666666666666666,0.28323477521814683,0.26272010471530527,0.34907566481960944,0.561660066058509,0.5474802879670895,0.7508650519031141,0.25,0.08823529411764706,0.075,0.13636363636363635,12,9,4,17,20,11,Vague or Ambiguous Terms|Vague or Ambiguous Terms|Other Stakeholder Perspective,Vague or Ambiguous Terms|Other Stakeholder Perspective|Other Stakeholder Perspective
48:44,48,3,49,44,LLaMA2 Oracle Vanilla 60,0.3333333333333333,0.32090948786725715,0.29782608695652174,0.31340854027861903,0.5017040354330708,0.4565217391304348,0.6692913385826772,1.0,0.08823529411764706,0.075,0.125,10,7,4,17,20,12,Vague or Ambiguous Terms|Vague or Ambiguous Terms|Other Stakeholder Perspective,Vague or Ambiguous Terms
49:42,49,4,50,42,LLaMA2 Oracle Vanilla 60,1.0,0.20485557271429514,0.19003425735888282,0.16737356633069567,0.24599025690868975,0.19275549805950842,0.3159609120521173,1.0,0.06261859582542695,0.0532258064516129,0.08870967741935483,8,5,4,17,20,12,Vague or Ambiguous Terms|Other Stakeholder Perspective|Lacks Evidence,Vague or Ambiguous Terms|Lacks Evidence|Other Stakeholder Perspective
49:43,49,4,50,43,LLaMA2 Oracle Vanilla 60,1.0,0.20485557271429514,0.19003425735888282,0.16737356633069567,0.24599025690868975,0.19275549805950842,0.3159609120521173,1.0,0.06261859582542695,0.0532258064516129,0.08870967741935483,8,5,4,17,20,12,Vague or Ambiguous Terms|Other Stakeholder Perspective|Lacks Evidence,Vague or Ambiguous Terms|Lacks Evidence|Other Stakeholder Perspective
49:44,49,4,50,44,LLaMA2 Oracle Vanilla 60,1.0,0.21604788322025928,0.20046345578489486,0.1480973180597573,0.20744932611577552,0.22143579373104147,0.2602739726027397,1.0,0.06261859582542695,0.0532258064516129,0.08870967741935483,7,6,4,17,20,12,Vague or Ambiguous Terms|Other Stakeholder Perspective|Lacks Evidence,Vague or Ambiguous Terms|Lacks Evidence|Other Stakeholder Perspective
50:42,50,5,51,42,LLaMA2 Oracle Vanilla 60,0.6666666666666666,0.1206889361994678,0.11219788273024763,0.1541868434283295,0.24132790677674582,0.25373134328358204,0.3188854489164087,0.0,0.04231166150670795,0.036541889483065956,0.06699346405228758,10,8,4,19,22,12,Other Stakeholder Perspective|Lacks Evidence|Implicit Existence,Lacks Evidence|Vague or Ambiguous Terms|Other Stakeholder Perspective
50:43,50,5,51,43,LLaMA2 Oracle Vanilla 60,0.6666666666666666,0.14208077414796666,0.1319544790091392,0.1674150058058744,0.22613462796774242,0.20863016486871566,0.27839643652561247,0.25,0.0708204334365325,0.061163101604278076,0.10866013071895425,12,9,4,19,22,12,Other Stakeholder Perspective|Lacks Evidence|Implicit Existence,Lacks Evidence|Vague or Ambiguous Terms|Other Stakeholder Perspective
50:44,50,5,51,44,LLaMA2 Oracle Vanilla 60,0.6666666666666666,0.14208077414796666,0.1319544790091392,0.1674150058058744,0.22613462796774242,0.20863016486871566,0.27839643652561247,0.25,0.0708204334365325,0.061163101604278076,0.10866013071895425,12,9,4,19,22,12,Other Stakeholder Perspective|Lacks Evidence|Implicit Existence,Lacks Evidence|Other Stakeholder Perspective|Vague or Ambiguous Terms
51:42,51,6,52,42,LLaMA2 Oracle Vanilla 60,1.0,0.2665407882205864,0.24786684088817523,0.25954447680505593,0.3967843380351399,0.42073505211190343,0.5189309576837418,0.625,0.08078149920255183,0.06976584022038566,0.12222222222222223,11,9,4,19,22,12,Vague or Ambiguous Terms|Other Stakeholder Perspective|Other Stakeholder Perspective,Vague or Ambiguous Terms|Other Stakeholder Perspective|Other Stakeholder Perspective
51:43,51,6,52,43,LLaMA2 Oracle Vanilla 60,0.3333333333333333,0.22189015042935306,0.2065655392593656,0.2621365060279087,0.45143209378856436,0.4021461420541645,0.6199095022624433,0.5,0.031578947368421054,0.02727272727272727,0.07272727272727274,9,6,4,19,22,11,Vague or Ambiguous Terms|Other Stakeholder Perspective|Other Stakeholder Perspective,Lacks Evidence|Other Stakeholder Perspective|Lacks Evidence
51:44,51,6,52,44,LLaMA2 Oracle Vanilla 60,0.3333333333333333,0.2823215302971916,0.2625879347174956,0.2807226899233337,0.4432922240104912,0.4646271510516252,0.5879828326180258,0.625,0.07814992025518341,0.0674931129476584,0.11805555555555554,10,8,4,19,22,12,Vague or Ambiguous Terms|Other Stakeholder Perspective|Other Stakeholder Perspective,Lacks Evidence|Lacks Evidence|Other Stakeholder Perspective
52:42,52,7,53,42,LLaMA2 Oracle Vanilla 60,0.6666666666666666,0.07152962480900911,0.06665260493566759,0.06344815277529894,0.12685823665893273,0.18329466357308585,0.18329466357308585,0.0,0.0,0.0,0.0,8,8,4,16,19,11,Other Stakeholder Perspective|Lacks Evidence|Vague or Ambiguous Terms,Vague or Ambiguous Terms|Lacks Evidence|Implicit Existence
52:43,52,7,53,43,LLaMA2 Oracle Vanilla 60,1.0,0.11958132444696543,0.11137198175141873,0.10762319076272565,0.21063908033826642,0.3023255813953489,0.3023255813953489,0.0,0.003125,0.002631578947368421,0.004545454545454546,5,5,4,16,19,11,Other Stakeholder Perspective|Lacks Evidence|Vague or Ambiguous Terms,Vague or Ambiguous Terms|Other Stakeholder Perspective|Lacks Evidence
52:44,52,7,53,44,LLaMA2 Oracle Vanilla 60,0.6666666666666666,0.22455917013730903,0.207489632893388,0.23179434534286894,0.31807434761297154,0.3217850851438638,0.3948655256723716,0.5,0.09801736253942137,0.0825409368753022,0.14546254399195577,11,9,4,16,19,12,Other Stakeholder Perspective|Lacks Evidence|Vague or Ambiguous Terms,Vague or Ambiguous Terms|Lacks Evidence|Implicit Existence
53:42,53,8,54,42,LLaMA2 Oracle Vanilla 60,0.6666666666666666,0.16864624123934224,0.15602622239886077,0.14943102611092837,0.21548906027285686,0.2251247431758145,0.274282223579719,0.5,0.0625,0.05263157894736842,0.08333333333333333,11,9,4,16,19,12,Vague or Ambiguous Terms|Other Stakeholder Perspective|Overgeneralized Statement,Vague or Ambiguous Terms|Lacks Evidence|Other Stakeholder Perspective
53:43,53,8,54,43,LLaMA2 Oracle Vanilla 60,0.3333333333333333,0.2452811098210401,0.22739731694304227,0.23060834348960269,0.3815504705142257,0.41867293012331175,0.5158924205378973,0.5,0.06465517241379311,0.054446460980036304,0.07957559681697614,11,9,4,16,19,13,Vague or Ambiguous Terms|Other Stakeholder Perspective|Overgeneralized Statement,Vague or Ambiguous Terms
53:44,53,8,54,44,LLaMA2 Oracle Vanilla 60,0.6666666666666666,0.16864624123934224,0.15602622239886077,0.1662725179524202,0.22341981784861442,0.2251247431758145,0.274282223579719,0.5,0.0625,0.05263157894736842,0.10909090909090909,11,9,4,16,19,11,Vague or Ambiguous Terms|Other Stakeholder Perspective|Overgeneralized Statement,Vague or Ambiguous Terms|Lacks Evidence|Other Stakeholder Perspective
54:42,54,9,55,42,LLaMA2 Oracle Vanilla 60,0.6666666666666666,0.21166116104509558,0.19604793352411176,0.2663033229849373,0.23928953064275035,0.1671388101983003,0.2152466367713004,0.5,0.1906612685560054,0.16466200466200467,0.29333333333333333,9,7,4,19,22,12,Lacks Evidence|Other Stakeholder Perspective|Lacks Evidence,Vague or Ambiguous Terms|Other Stakeholder Perspective|Lacks Evidence
54:43,54,9,55,43,LLaMA2 Oracle Vanilla 60,0.3333333333333333,0.19404420673605796,0.18001178087571176,0.20971720300579358,0.30826413124533936,0.2950323974082073,0.3959731543624161,0.5,0.058823529411764705,0.05,0.1111111111111111,12,9,4,17,20,9,Lacks Evidence|Other Stakeholder Perspective|Lacks Evidence,Vague or Ambiguous Terms|Lacks Evidence
54:44,54,9,55,44,LLaMA2 Oracle Vanilla 60,0.3333333333333333,0.1671685235370872,0.15522954411843298,0.1890273067999286,0.25801319721577726,0.2304526748971193,0.3194122196442382,0.5,0.05555555555555555,0.047619047619047616,0.12,11,8,4,18,21,10,Lacks Evidence|Other Stakeholder Perspective|Lacks Evidence,Vague or Ambiguous Terms|Lacks Evidence
55:42,55,0,56,42,LLaMA2 Oracle Vanilla 60,0.6666666666666666,0.28889268817820296,0.2682001749613527,0.2879063173989824,0.40853242347505797,0.41867293012331175,0.5158924205378973,0.75,0.10218253968253968,0.08758503401360544,0.1672077922077922,11,9,4,18,21,11,Other Stakeholder Perspective|Other Stakeholder Perspective|Other Stakeholder Perspective,Vague or Ambiguous Terms|Other Stakeholder Perspective|Other Stakeholder Perspective
55:43,55,0,56,43,LLaMA2 Oracle Vanilla 60,0.3333333333333333,0.2530118764827671,0.23474832658253408,0.2383322975716548,0.3233397505266714,0.3243761996161228,0.39899833055091816,0.75,0.10397465437788019,0.0891211323238973,0.1532738095238095,11,9,4,18,21,12,Other Stakeholder Perspective|Other Stakeholder Perspective|Other Stakeholder Perspective,Vague or Ambiguous Terms|Implicit Existence|Other Stakeholder Perspective
55:44,55,0,56,44,LLaMA2 Oracle Vanilla 60,0.3333333333333333,0.33031480744637476,0.30709683077157096,0.32255490973777196,0.4857405455806083,0.5114451656986675,0.6309794988610479,0.75,0.11237068829155639,0.09704741261543505,0.15927130373133175,11,9,4,19,22,13,Other Stakeholder Perspective|Other Stakeholder Perspective|Other Stakeholder Perspective,Vague or Ambiguous Terms|Vague or Ambiguous Terms|Other Stakeholder Perspective
56:42,56,1,57,42,LLaMA2 Oracle Vanilla 60,0.3333333333333333,0.18562485796923844,0.1720765135815469,0.1759922135212132,0.23257859861408056,0.2304526748971193,0.28294177732379977,0.5,0.09158935135166035,0.07850515830142316,0.11937185621396147,11,9,4,18,21,13,Other Stakeholder Perspective|Other Stakeholder Perspective|Other Stakeholder Perspective,Vague or Ambiguous Terms|Lacks Evidence|Other Stakeholder Perspective
56:43,56,1,57,43,LLaMA2 Oracle Vanilla 60,0.6666666666666666,0.2588190052643403,0.24028505066892153,0.27450860400126903,0.4022233614259959,0.41867293012331175,0.5158924205378973,0.5,0.0910863016126174,0.07807397281081492,0.14671717171717172,11,9,4,18,21,12,Other Stakeholder Perspective|Other Stakeholder Perspective|Other Stakeholder Perspective,Vague or Ambiguous Terms|Other Stakeholder Perspective|Other Stakeholder Perspective
56:44,56,1,57,44,LLaMA2 Oracle Vanilla 60,0.0,0.30713157557453014,0.2853199400054204,0.31381997692297564,0.4831715375396731,0.5134281200631912,0.6338983050847458,0.625,0.0894068894068894,0.07663447663447663,0.14436674436674438,11,9,4,18,21,12,Other Stakeholder Perspective|Other Stakeholder Perspective|Other Stakeholder Perspective,Lacks Evidence|Lacks Evidence|Lacks Evidence
57:42,57,2,58,42,LLaMA2 Oracle Vanilla 60,0.3333333333333333,0.23037504384357613,0.2146391741989668,0.1590229118779268,0.3135670766753935,0.39899833055091816,0.45111492281303606,0.75,0.0029239766081871343,0.002506265664160401,0.0043859649122807015,9,8,4,18,21,12,Vague or Ambiguous Terms|Vague or Ambiguous Terms|Other Stakeholder Perspective,Vague or Ambiguous Terms
57:43,57,2,58,43,LLaMA2 Oracle Vanilla 60,0.3333333333333333,0.07680740119093406,0.07152831508384039,0.0932232871670507,0.181608822179983,0.19275549805950842,0.26027397260273977,0.0,0.003095975232198142,0.002631578947368421,0.004784688995215311,8,6,4,17,20,11,Vague or Ambiguous Terms|Vague or Ambiguous Terms|Other Stakeholder Perspective,Vague or Ambiguous Terms|Lacks Evidence
57:44,57,2,58,44,LLaMA2 Oracle Vanilla 60,0.3333333333333333,0.3340985401319163,0.31056911320069214,0.33561522613693523,0.5389446386937439,0.5675675675675675,0.7199124726477024,0.75,0.0769980506822612,0.06599832915622389,0.13216374269005848,10,8,4,18,21,12,Vague or Ambiguous Terms|Vague or Ambiguous Terms|Other Stakeholder Perspective,Vague or Ambiguous Terms|Lacks Evidence|Implicit Existence
58:42,58,3,59,42,LLaMA2 Oracle Vanilla 60,0.3333333333333333,0.14017054645569754,0.13007751643652687,0.13736593199502228,0.14835164223304537,0.12070018318746183,0.1581291759465479,0.5,0.08646616541353383,0.07467532467532467,0.12637362637362637,12,9,4,19,22,13,Vague or Ambiguous Terms|Implicit Existence|Vague or Ambiguous Terms,Vague or Ambiguous Terms|Lacks Evidence|Other Stakeholder Perspective
58:43,58,3,59,43,LLaMA2 Oracle Vanilla 60,0.0,0.21023011172196518,0.19534297239387338,0.2241794562266713,0.31649804169733664,0.29656014654996943,0.3986636971046771,0.5,0.08926058265719339,0.07708868502212156,0.13180544635007999,12,9,4,19,22,12,Vague or Ambiguous Terms|Implicit Existence|Vague or Ambiguous Terms,Lacks Evidence|Other Stakeholder Perspective|Other Stakeholder Perspective
58:44,58,3,59,44,LLaMA2 Oracle Vanilla 60,0.3333333333333333,0.254014511013241,0.23617593966171668,0.25580730163286136,0.391110392874642,0.415929203539823,0.5115332428765265,0.5,0.08379655690027207,0.0723697536865986,0.12042297979797979,11,9,4,19,22,12,Vague or Ambiguous Terms|Implicit Existence|Vague or Ambiguous Terms,Vague or Ambiguous Terms|Other Stakeholder Perspective|Lacks Evidence
59:42,59,4,60,42,LLaMA2 Oracle Vanilla 60,1.0,0.200674948389941,0.18696198159562896,0.18520249933807845,0.3617762635401904,0.3827534039334342,0.5189309576837418,0.5,0.004934210526315789,0.004261363636363636,0.008522727272727272,12,9,4,19,22,11,Other Stakeholder Perspective|Lacks Evidence|Vague or Ambiguous Terms,Vague or Ambiguous Terms|Other Stakeholder Perspective|Lacks Evidence
59:43,59,4,60,43,LLaMA2 Oracle Vanilla 60,1.0,0.11760659931014546,0.10955661374175571,0.14382762937562507,0.27883694636334805,0.2947277441659464,0.39899833055091816,0.0,0.005058412621943876,0.004368629082587893,0.008737258165175786,12,9,4,19,22,11,Other Stakeholder Perspective|Lacks Evidence|Vague or Ambiguous Terms,Vague or Ambiguous Terms|Other Stakeholder Perspective|Lacks Evidence
59:44,59,4,60,44,LLaMA2 Oracle Vanilla 60,1.0,0.2557876866306965,0.23748043974992883,0.2581700254306045,0.39613710079790265,0.38449012823122325,0.5189309576837418,0.75,0.06359300476947537,0.05405405405405406,0.12012012012012013,12,9,4,17,20,9,Other Stakeholder Perspective|Lacks Evidence|Vague or Ambiguous Terms,Vague or Ambiguous Terms|Lacks Evidence|Other Stakeholder Perspective
